eli,Precipitacion,Humedad,'Direccion del Viento','Velocidad del Viento',Temperatura_
21080,0,43,339,10,5.0
393,0,61,241,15,7.0
10207,0,1,302,7,3.0
21316,0,38,12,22,3.0
25183,0,91,237,6,2.0
29506,0,30,15,8,3.0
1894,0,62,311,30,5.0
35112,6,91,185,12,4.0
30357,0,36,323,11,3.0
2923,0,62,356,8,3.0
14233,0,75,355,14,3.0
3773,0,78,325,7,3.0
35754,0,70,192,34,5.0
26974,10,1,152,17,1.0
25857,10,82,296,16,3.0
5831,0,13,3,15,4.0
1706,0,61,341,12,5.0
28746,0,66,172,11,4.0
38921,0,28,101,49,7.0
24370,0,77,340,6,4.0
14773,0,70,161,45,4.0
21718,0,39,340,17,3.0
17037,0,82,199,14,5.0
17517,0,92,303,11,4.0
5528,0,78,342,7,3.0
16268,0,88,134,25,4.0
40464,0,79,295,6,3.0
37670,0,36,351,25,3.0
34142,0,1,350,8,3.0
3644,0,31,170,16,7.0
8430,0,65,312,7,3.0
34195,0,58,147,31,5.0
28892,0,54,293,7,5.0
1262,0,50,180,31,6.0
1928,0,64,34,13,4.0
20736,0,33,341,35,4.0
21106,0,33,166,27,6.0
256,0,1,349,13,4.0
12093,0,1,115,15,3.0
37113,0,58,28,7,4.0
5095,0,32,132,32,6.0
9790,0,69,134,33,5.0
997,0,47,166,22,5.0
31649,0,72,207,14,4.0
20234,0,59,12,11,4.0
35523,8,1,343,5,3.0
30993,0,44,360,32,4.0
19704,0,1,30,2,4.0
40794,4,82,6,1,4.0
31752,0,42,332,25,4.0
10821,0,94,184,15,5.0
23544,0,79,342,17,3.0
17155,0,79,158,30,6.0
35839,0,68,6,13,4.0
4543,0,61,131,54,6.0
10488,5,1,36,7,4.0
9360,0,80,68,31,4.0
4250,0,47,296,6,4.0
14061,0,46,360,12,3.0
26672,0,73,44,9,4.0
28445,0,50,353,25,4.0
8936,0,89,38,17,4.0
14907,0,61,44,9,3.0
2104,0,69,27,15,3.0
37283,0,54,212,37,4.0
10975,0,83,43,9,3.0
5823,0,23,142,45,6.0
21333,0,42,353,15,3.0
7058,10,1,1,96,3.0
18547,0,81,167,22,4.0
12196,0,56,27,15,5.0
18940,0,76,83,6,4.0
30180,0,13,270,16,7.0
33049,0,86,268,10,3.0
33599,0,75,138,34,5.0
19334,0,78,165,29,5.0
19910,0,60,153,26,5.0
5925,0,60,60,8,3.0
38033,0,37,163,26,5.0
5363,0,38,17,11,3.0
20393,0,37,158,39,6.0
11008,0,68,155,37,5.0
11778,0,95,105,29,4.0
8013,0,54,138,40,6.0
17570,0,1,121,30,3.0
37064,0,50,33,27,4.0
25061,0,72,38,7,4.0
40648,0,26,181,29,8.0
36186,0,57,2,46,6.0
8113,0,80,117,43,4.0
9740,0,67,156,15,4.0
8807,0,66,38,42,5.0
1020,0,58,248,8,6.0
25370,0,70,308,5,4.0
3337,0,33,111,52,6.0
27809,0,72,130,33,4.0
19954,0,46,31,19,3.0
37843,0,42,175,39,6.0
32550,0,43,119,14,4.0
17011,0,78,159,28,5.0
22295,0,70,184,22,3.0
6880,0,71,1,96,4.0
9562,0,65,20,14,3.0
4316,0,45,120,68,5.0
6566,0,1,16,9,2.0
19715,0,92,18,5,3.0
29526,0,32,36,11,3.0
35538,0,78,181,27,5.0
37426,0,78,311,10,2.0
40460,0,65,189,31,5.0
39025,0,50,326,5,4.0
21631,0,36,354,8,3.0
18104,0,92,329,17,3.0
6140,0,1,191,4,3.0
10831,0,1,66,6,3.0
23864,0,79,30,6,3.0
31695,0,55,84,5,6.0
38047,0,56,4,11,2.0
9460,0,1,41,7,3.0
23221,0,58,182,12,5.0
1564,0,64,354,15,3.0
8804,0,59,180,17,5.0
17179,0,75,119,59,6.0
3667,0,31,286,9,6.0
25500,0,43,212,34,5.0
36922,0,49,326,36,4.0
21277,0,45,164,35,5.0
24954,0,71,109,59,5.0
37342,0,60,117,54,5.0
28625,0,58,163,35,5.0
3913,0,50,116,65,5.0
39790,0,72,127,7,4.0
11386,0,72,39,12,4.0
35988,0,75,17,16,4.0
28382,0,54,161,36,6.0
39808,0,53,171,34,5.0
5436,0,79,297,2,3.0
20044,0,83,18,11,3.0
17239,0,73,55,10,4.0
38564,0,37,136,51,5.0
8299,0,43,145,31,5.0
24398,0,78,166,27,4.0
25335,0,37,278,30,7.0
23652,0,65,125,8,4.0
9776,0,82,157,11,2.0
40884,0,78,182,8,3.0
31742,0,23,350,66,8.0
9644,1,69,162,28,4.0
17676,0,71,292,25,5.0
28153,0,64,33,19,4.0
16338,0,90,132,31,5.0
14978,0,53,304,24,3.0
35058,0,15,178,30,6.0
619,34,1,159,14,4.0
5846,0,19,120,62,6.0
19747,0,68,150,41,6.0
11022,0,95,168,8,2.0
34157,0,78,357,18,4.0
19122,0,89,148,29,4.0
33195,0,76,154,6,4.0
14554,0,51,165,44,5.0
40677,0,58,164,15,6.0
5659,0,24,115,58,5.0
35905,2,95,313,6,4.0
13440,0,1,320,11,2.0
9408,0,79,28,6,4.0
24543,0,56,167,26,6.0
20608,0,51,171,37,6.0
34762,0,69,353,2,4.0
32050,0,71,187,7,4.0
31087,0,57,328,8,3.0
12589,0,56,231,9,7.0
3543,0,53,23,13,3.0
18588,0,72,235,7,4.0
19305,0,86,340,9,4.0
22120,0,39,164,32,6.0
28236,0,71,164,22,6.0
11392,0,79,152,18,6.0
31956,0,40,211,16,6.0
16228,0,86,33,13,3.0
37595,0,47,335,25,3.0
5019,0,28,110,69,5.0
19540,0,68,338,37,4.0
7192,0,87,25,2,3.0
6641,0,88,9,11,3.0
15461,0,47,30,9,4.0
13295,0,32,26,18,4.0
10890,0,1,193,12,4.0
29441,0,35,167,36,5.0
2794,0,55,5,12,4.0
31935,0,51,147,35,5.0
16657,0,1,165,10,3.0
34874,0,90,312,6,4.0
35991,0,70,36,8,4.0
6315,0,38,137,34,6.0
22384,0,33,150,42,6.0
35874,0,1,195,11,4.0
30585,0,49,8,8,1.0
27942,0,51,326,28,5.0
17524,0,1,52,10,3.0
10424,0,46,32,15,4.0
40879,0,94,7,14,3.0
3391,0,54,324,14,3.0
28520,0,49,20,18,4.0
30254,0,15,178,32,6.0
11464,0,89,152,39,5.0
3033,0,96,325,45,3.0
19573,0,79,186,11,5.0
28485,0,62,97,12,4.0
33303,0,72,11,7,4.0
2527,0,43,167,16,5.0
36829,0,83,348,12,3.0
21576,0,19,355,24,5.0
6583,0,1,132,23,4.0
28639,0,55,360,8,2.0
13774,0,57,331,15,3.0
8526,0,60,139,13,4.0
38017,0,47,28,7,3.0
6287,0,1,227,10,2.0
39286,0,29,111,65,5.0
27221,2,78,36,8,4.0
19380,0,83,201,35,5.0
8953,0,70,31,18,5.0
1761,0,31,11,17,4.0
2275,0,35,353,12,4.0
28836,0,45,181,23,6.0
3751,0,54,334,16,4.0
25708,0,84,346,13,3.0
2195,0,50,186,23,5.0
29787,0,45,11,15,4.0
40022,0,38,346,12,5.0
40952,0,84,331,11,3.0
2529,0,44,6,10,4.0
16958,0,46,295,25,6.0
38665,0,46,112,15,5.0
7405,0,82,119,4,4.0
19603,0,88,178,18,5.0
13048,0,93,162,13,4.0
23329,0,94,42,7,3.0
22227,0,64,14,11,3.0
26564,2,1,101,8,4.0
5194,0,79,321,14,4.0
37484,0,32,121,42,6.0
32158,0,73,63,7,4.0
19301,0,1,360,17,3.0
25517,0,59,27,13,5.0
6127,0,66,127,47,5.0
17298,0,93,125,32,4.0
34060,14,89,224,54,5.0
26234,0,60,12,47,5.0
38402,0,37,10,10,4.0
5232,0,48,26,13,3.0
34589,4,90,296,34,4.0
33843,29,1,340,8,4.0
26915,0,80,277,6,4.0
4985,0,30,34,15,4.0
487,18,1,175,24,5.0
25678,0,94,175,6,4.0
34953,0,79,4,12,2.0
24636,0,94,138,7,3.0
1904,0,53,296,16,5.0
16241,0,88,173,31,5.0
26708,0,94,339,9,5.0
4098,0,37,127,59,5.0
30352,0,18,129,56,6.0
4164,0,53,7,17,3.0
37507,0,34,183,38,6.0
39346,0,43,344,43,3.0
26696,0,93,28,19,3.0
39103,0,39,27,10,3.0
34989,0,50,133,44,5.0
3262,0,27,175,28,6.0
21554,0,11,310,47,4.0
27101,0,1,268,7,3.0
31972,0,76,285,9,3.0
23151,0,47,137,34,4.0
40781,0,84,15,12,3.0
27821,0,86,336,9,3.0
28222,0,1,263,5,3.0
21682,0,45,79,52,3.0
26838,0,62,62,9,4.0
14863,0,38,42,10,2.0
22387,0,36,154,31,5.0
9181,0,82,27,17,3.0
2196,0,60,355,6,4.0
9506,0,1,194,6,3.0
12851,0,72,167,33,5.0
13360,9,82,178,7,3.0
13436,0,95,348,13,3.0
31557,0,89,313,8,3.0
8043,0,91,349,9,4.0
30169,0,18,30,25,5.0
20632,0,45,154,30,6.0
18765,0,1,142,5,4.0
17489,0,83,141,29,5.0
961,0,95,73,8,3.0
35334,6,83,20,13,3.0
34692,0,84,90,10,3.0
25121,0,54,145,42,6.0
26239,0,53,18,49,5.0
24331,37,1,329,4,4.0
25008,0,1,358,11,3.0
34918,0,95,140,15,3.0
15359,0,37,170,43,5.0
38259,0,28,34,18,3.0
16070,0,45,317,66,6.0
33549,0,76,126,40,5.0
37574,0,49,43,15,3.0
8513,0,49,181,19,5.0
11004,0,75,332,7,3.0
15423,0,33,42,16,4.0
35229,2,90,131,31,5.0
15824,0,43,29,8,2.0
8667,0,76,260,6,3.0
4291,0,33,126,52,6.0
31469,0,37,332,28,4.0
35643,0,82,356,12,3.0
24401,0,80,128,40,5.0
25508,0,95,142,39,4.0
24136,0,73,178,18,5.0
7524,0,95,155,18,4.0
8663,0,54,158,11,4.0
2447,0,18,333,16,4.0
24880,0,67,130,50,6.0
5135,0,56,20,13,4.0
2317,0,49,11,10,4.0
38422,0,32,136,26,5.0
24452,0,83,103,8,3.0
31349,0,40,101,9,3.0
12843,0,83,17,8,3.0
31257,0,66,78,6,3.0
14760,0,61,360,13,4.0
39327,0,33,336,17,4.0
36481,0,76,290,58,4.0
29783,0,44,8,11,4.0
32864,0,57,148,39,6.0
30370,0,37,334,40,4.0
20856,0,37,22,24,3.0
30868,0,45,30,17,4.0
23930,2,1,201,12,3.0
19903,0,88,344,16,3.0
22202,0,47,23,22,3.0
21183,0,30,172,35,7.0
22828,0,78,360,6,3.0
385,0,61,349,41,5.0
22931,0,1,279,17,2.0
9810,0,23,120,69,5.0
28956,0,32,183,22,6.0
19205,0,67,335,18,5.0
15068,0,33,162,35,5.0
29913,0,21,12,13,3.0
28658,0,66,32,11,3.0
29838,0,33,326,17,4.0
26713,0,77,341,6,4.0
29676,0,24,181,27,5.0
17647,0,67,46,33,4.0
6053,0,45,183,18,5.0
28824,0,47,344,14,4.0
40358,0,35,182,12,6.0
9571,0,36,117,43,6.0
31472,0,39,336,19,4.0
36362,0,1,37,5,4.0
33520,0,67,27,13,4.0
37916,0,43,162,37,6.0
23440,0,30,328,60,8.0
28433,0,37,164,39,6.0
27196,0,84,290,15,3.0
26396,2,94,109,28,3.0
31770,0,71,187,16,4.0
20701,0,30,184,25,8.0
4116,0,42,338,32,3.0
40889,0,79,156,33,5.0
19977,0,46,353,17,3.0
8275,0,31,131,36,5.0
36622,0,61,128,42,5.0
1141,0,43,287,49,7.0
15839,0,54,181,9,3.0
20853,0,36,348,33,3.0
40103,0,42,188,37,5.0
1249,0,83,358,9,4.0
22262,0,42,276,53,6.0
29132,0,51,19,5,4.0
39064,0,28,220,10,5.0
20527,0,49,29,27,4.0
39989,0,89,38,7,3.0
10125,7,1,164,13,3.0
10899,1,92,321,12,4.0
23118,0,50,32,29,4.0
37440,0,73,152,7,4.0
17364,0,83,303,7,3.0
7716,0,1,124,6,4.0
13880,0,62,137,8,4.0
9175,0,87,1,96,3.0
33594,0,83,1,96,5.0
3566,0,54,337,30,3.0
274,0,1,167,16,5.0
39106,0,38,332,29,3.0
7929,0,58,34,14,5.0
16110,0,54,33,15,5.0
35243,0,76,351,18,3.0
9693,0,49,147,26,6.0
35661,0,65,188,14,4.0
30890,0,55,34,9,3.0
33430,0,76,131,38,4.0
32480,0,49,47,15,4.0
27728,0,35,23,24,4.0
10905,0,1,152,6,3.0
3973,0,60,358,12,3.0
3423,0,56,26,25,4.0
27860,0,91,16,13,4.0
231,0,95,311,5,4.0
12895,0,71,33,16,4.0
21181,0,35,113,28,7.0
15053,0,40,11,15,4.0
9511,1,1,177,5,3.0
452,0,81,100,9,5.0
14744,0,56,159,15,4.0
7306,5,1,184,7,2.0
36319,0,64,39,8,4.0
14161,0,43,11,14,4.0
7240,0,73,300,42,4.0
32670,0,47,178,22,5.0
21650,0,44,26,16,3.0
35258,8,1,106,32,3.0
24775,0,83,326,3,3.0
40736,0,82,103,10,3.0
37919,0,54,192,28,5.0
19666,0,60,335,37,4.0
4680,0,50,325,14,5.0
22550,0,46,195,12,5.0
20241,0,64,290,7,3.0
24484,0,61,330,16,2.0
32533,0,21,277,32,8.0
28598,0,21,161,36,6.0
34347,0,1,311,17,3.0
15969,0,21,32,17,3.0
34711,0,69,356,7,4.0
32389,0,8,175,36,6.0
38986,0,45,303,19,3.0
29834,0,43,355,18,4.0
30473,0,27,116,58,5.0
32061,0,90,174,6,3.0
4429,0,47,131,53,6.0
32008,0,54,147,42,6.0
12185,1,1,43,1,3.0
40075,0,44,128,45,5.0
24069,0,34,207,7,4.0
32109,0,59,201,14,4.0
6802,0,95,27,8,3.0
8789,0,61,343,16,4.0
13424,0,50,52,12,3.0
15490,0,51,316,24,4.0
2623,0,25,117,40,5.0
4033,0,34,111,56,5.0
29039,0,49,21,13,4.0
36205,0,84,239,10,3.0
33500,0,75,191,13,5.0
5471,0,33,173,22,6.0
14408,0,38,124,39,5.0
23433,0,55,343,36,4.0
22184,0,61,355,27,3.0
31767,0,35,183,29,7.0
34144,0,94,156,9,3.0
11876,0,1,115,45,4.0
1316,0,68,340,13,5.0
28085,0,64,77,14,4.0
17812,0,1,300,11,3.0
39161,0,19,205,22,7.0
16822,7,94,109,6,3.0
21715,0,29,152,30,5.0
26176,0,73,138,37,6.0
20452,0,51,357,18,4.0
27600,0,73,33,23,2.0
19479,0,69,176,30,6.0
10762,0,42,33,9,5.0
21,0,1,290,10,4.0
11102,0,1,177,15,3.0
20686,0,55,338,11,5.0
22785,0,81,331,19,3.0
37652,0,31,136,36,5.0
24179,0,61,232,7,4.0
4167,0,34,236,9,6.0
20598,0,64,6,6,3.0
34167,2,92,154,7,3.0
13660,0,73,108,5,3.0
1252,0,87,26,11,3.0
29645,0,17,26,12,3.0
31694,0,77,357,7,4.0
32605,0,43,150,44,6.0
24987,0,92,91,6,4.0
16084,0,49,32,25,5.0
13458,0,86,134,6,3.0
6420,3,1,295,6,3.0
19833,0,70,338,30,4.0
12209,0,64,325,22,5.0
6217,0,69,187,6,4.0
40932,0,53,332,17,5.0
37981,0,53,17,18,2.0
34395,23,92,329,16,3.0
21228,0,49,169,11,5.0
14117,0,59,7,15,3.0
23318,0,61,226,15,5.0
21950,0,29,129,8,6.0
37656,0,59,185,8,4.0
40813,0,73,143,7,4.0
7859,1,1,284,5,3.0
18424,0,80,178,18,5.0
31932,0,32,174,10,6.0
24646,4,1,104,39,3.0
27030,0,83,359,8,3.0
28434,0,36,159,35,6.0
15719,8,92,135,33,4.0
16023,0,48,164,33,5.0
13325,0,50,339,7,4.0
13414,0,91,113,5,3.0
29824,0,35,150,39,7.0
37776,0,60,165,28,4.0
2301,0,36,347,12,3.0
14443,0,53,74,7,2.0
6221,0,69,129,34,4.0
16712,0,92,172,10,3.0
30280,0,21,166,40,6.0
21094,0,57,20,13,3.0
22878,0,47,15,13,4.0
32893,0,47,172,7,6.0
749,0,1,344,9,3.0
6805,0,90,45,6,4.0
36103,0,72,343,10,4.0
14098,0,39,158,30,5.0
22652,0,84,196,18,4.0
10608,0,76,128,8,4.0
8575,0,42,20,17,4.0
30512,0,13,341,32,2.0
14572,0,54,15,16,3.0
15904,0,21,131,47,5.0
6547,0,93,303,8,3.0
40332,0,70,10,6,3.0
25940,0,82,149,7,4.0
20874,0,50,30,9,3.0
40474,0,79,1,11,3.0
20689,0,57,355,18,5.0
16165,0,42,157,24,6.0
38980,0,42,41,34,4.0
35466,0,1,177,23,3.0
3560,0,57,350,6,4.0
16988,0,1,109,28,3.0
9640,0,60,134,13,4.0
1038,0,89,8,14,4.0
40637,0,51,346,14,5.0
8828,3,70,199,15,4.0
37293,0,73,148,42,5.0
31314,0,28,117,67,5.0
38056,0,43,141,9,5.0
7658,0,95,234,6,4.0
12625,0,68,33,16,4.0
10074,0,88,139,40,4.0
4537,0,51,268,22,5.0
3811,0,39,113,55,6.0
29945,0,47,180,38,5.0
21167,0,67,340,7,3.0
36537,0,55,27,16,3.0
39887,0,68,189,22,4.0
36531,0,78,342,14,3.0
25468,0,50,313,40,5.0
20216,0,60,29,26,3.0
22278,0,71,344,9,3.0
22739,0,45,42,25,4.0
24407,0,1,156,7,3.0
14598,0,51,307,27,2.0
3158,0,42,302,39,4.0
451,0,94,323,9,4.0
25817,0,87,188,32,5.0
13499,0,43,114,64,5.0
31658,0,76,317,10,3.0
11562,1,1,117,14,3.0
18098,0,89,355,12,3.0
13396,0,72,304,22,3.0
8406,0,58,20,8,3.0
7826,0,91,121,10,3.0
14247,0,39,279,19,4.0
34560,4,84,109,10,3.0
39034,0,38,31,23,3.0
9022,0,1,163,13,3.0
9135,0,65,0,14,5.0
25635,0,87,337,15,3.0
6648,0,70,99,9,4.0
26831,0,91,335,15,3.0
29259,0,38,360,18,3.0
25003,2,1,123,28,3.0
257,0,1,164,7,4.0
12613,0,76,174,42,6.0
25126,0,92,327,3,4.0
1745,0,51,159,41,7.0
938,0,88,338,19,4.0
19130,0,94,360,8,4.0
29515,0,43,282,7,4.0
3087,0,38,150,19,5.0
10322,0,67,314,55,3.0
17915,0,90,116,9,4.0
21423,0,18,146,77,8.0
15124,0,49,200,19,5.0
14525,0,73,358,13,2.0
30389,0,47,357,10,4.0
22758,0,90,82,11,3.0
633,0,93,164,13,4.0
25586,2,1,133,14,3.0
36474,0,70,185,24,5.0
40937,0,54,151,36,7.0
13189,0,50,131,47,6.0
24077,0,44,58,9,3.0
18078,0,86,22,6,3.0
23047,0,62,318,1,3.0
4263,0,23,330,11,6.0
21256,0,40,127,26,6.0
10993,0,1,134,13,3.0
11363,0,93,5,12,3.0
32018,0,49,322,18,5.0
15940,0,21,27,19,3.0
26571,0,70,298,12,4.0
8435,0,66,335,15,3.0
24482,0,62,348,16,2.0
29739,0,50,85,12,3.0
39140,0,21,136,54,6.0
9009,0,95,144,6,2.0
37604,0,31,119,44,5.0
14215,0,35,303,36,4.0
7499,0,1,44,8,3.0
17860,0,92,82,6,4.0
5538,0,47,133,36,6.0
7218,0,93,181,13,4.0
35835,37,95,343,16,3.0
23532,0,42,349,15,4.0
15031,0,43,158,16,5.0
17213,0,1,279,13,4.0
13842,0,50,290,6,3.0
18425,0,82,175,33,6.0
9393,0,84,340,26,4.0
16381,0,94,145,7,4.0
23351,0,92,135,10,3.0
35103,0,46,72,11,5.0
23291,0,79,40,11,3.0
13056,0,84,353,6,3.0
17948,0,1,117,35,4.0
8719,0,92,1,96,2.0
16402,0,80,206,8,3.0
10087,0,1,184,6,2.0
38846,0,53,63,14,3.0
29994,0,40,167,38,6.0
22100,0,37,139,43,6.0
10321,4,78,316,44,3.0
29013,0,54,357,14,4.0
34004,0,86,118,31,3.0
21258,0,39,125,26,6.0
26091,0,95,5,19,3.0
37464,0,43,160,24,5.0
31467,0,45,330,22,4.0
38436,0,49,334,15,3.0
3220,0,28,128,58,5.0
30248,0,3,344,25,3.0
35629,0,71,333,15,3.0
31507,10,83,348,9,3.0
1285,0,23,187,26,7.0
4959,0,89,166,5,3.0
4610,0,54,220,15,6.0
1421,0,1,257,17,3.0
3022,0,54,1,96,4.0
39574,0,42,114,51,5.0
9373,0,62,321,18,4.0
38468,0,37,144,39,6.0
10751,0,78,138,9,5.0
12095,4,1,320,12,3.0
28756,0,61,31,16,2.0
12444,0,90,160,13,4.0
21397,0,32,176,27,7.0
29221,0,34,181,24,6.0
12547,1,1,351,15,4.0
38475,0,66,352,18,4.0
95,0,1,133,8,4.0
16974,0,1,43,6,3.0
30449,0,28,105,44,6.0
15696,0,1,350,18,3.0
706,0,95,160,16,5.0
2927,0,61,53,8,3.0
41096,0,75,185,6,3.0
26587,0,94,202,10,4.0
19829,0,89,333,10,4.0
847,0,65,340,16,5.0
13733,0,40,6,19,3.0
28744,0,53,117,57,5.0
8099,0,94,101,7,3.0
37738,0,64,34,14,3.0
39428,0,46,127,59,6.0
20379,0,46,49,13,4.0
39875,0,56,358,16,3.0
34997,0,28,32,18,3.0
26287,0,1,96,7,4.0
8374,0,47,123,52,5.0
5652,0,17,39,14,3.0
39046,0,32,131,38,6.0
12018,1,1,308,8,3.0
15270,0,59,200,6,3.0
1297,0,61,310,14,4.0
14631,0,69,128,37,5.0
31415,0,72,47,12,3.0
40623,0,80,169,14,5.0
24428,0,1,120,44,3.0
37300,0,77,235,18,3.0
13990,0,58,342,26,3.0
37474,0,57,325,6,3.0
23785,0,76,67,12,4.0
31346,0,40,37,8,3.0
19546,0,64,9,27,4.0
9136,0,56,172,17,6.0
11655,0,82,161,15,5.0
362,0,55,33,27,4.0
26677,0,81,162,14,5.0
15266,0,40,127,41,5.0
8736,0,83,167,22,3.0
28768,0,36,117,51,5.0
13572,0,59,120,57,5.0
4457,0,69,20,2,4.0
40958,0,66,186,14,5.0
3740,0,26,174,25,6.0
24337,0,1,109,10,3.0
35557,0,83,22,12,1.0
14018,0,53,27,24,3.0
13265,0,49,160,31,5.0
16843,0,1,121,23,3.0
22464,0,48,1,96,4.0
35842,0,84,313,5,3.0
5694,0,69,341,16,1.0
5758,0,11,11,22,4.0
9502,0,1,86,6,3.0
25030,0,94,107,7,4.0
5238,0,38,115,59,5.0
325,0,93,173,7,4.0
14500,0,80,292,12,2.0
30332,0,30,342,6,4.0
20293,0,28,139,11,7.0
12638,0,70,161,36,6.0
39952,0,57,192,19,6.0
18881,0,60,120,45,6.0
2300,0,35,22,16,3.0
28648,0,57,160,46,5.0
1638,0,53,292,44,4.0
9804,0,20,21,19,3.0
19940,0,57,159,29,6.0
6065,0,66,89,8,4.0
34562,18,87,206,6,3.0
28457,0,28,115,56,6.0
25489,0,54,7,27,5.0
5941,0,30,109,72,5.0
16290,0,67,114,84,6.0
13959,0,43,149,39,5.0
7365,0,1,154,33,4.0
39450,0,57,161,34,5.0
9232,0,49,189,29,6.0
31446,0,71,132,6,3.0
25182,0,91,1,96,2.0
26568,0,59,344,59,5.0
20165,0,64,354,8,3.0
5256,0,36,182,7,3.0
29150,0,45,163,35,5.0
23335,0,1,85,11,2.0
13090,0,60,140,19,5.0
33569,0,73,317,7,4.0
17498,0,78,342,31,5.0
34657,0,95,259,6,3.0
936,0,1,351,10,3.0
10343,0,87,273,19,4.0
11987,0,1,233,8,2.0
12036,1,95,35,6,3.0
24932,0,80,159,28,5.0
23448,0,73,315,7,3.0
34450,0,61,347,8,4.0
35122,0,50,320,37,5.0
21848,0,19,28,12,4.0
9351,0,65,158,17,5.0
31741,0,25,168,72,7.0
11658,4,81,118,37,5.0
27989,0,53,352,50,5.0
38162,0,47,258,6,3.0
36611,0,62,32,8,3.0
11616,18,1,328,6,2.0
18106,0,94,337,11,3.0
28513,0,54,19,11,4.0
24683,0,60,116,6,4.0
11557,0,1,314,5,3.0
17148,0,68,235,41,5.0
37234,0,56,20,16,3.0
2008,0,18,114,63,6.0
12690,0,1,111,39,3.0
11191,0,95,67,6,3.0
23069,0,36,28,17,5.0
17526,0,94,117,10,3.0
7118,0,1,138,6,2.0
16133,0,51,332,14,5.0
34603,0,70,160,43,6.0
10563,0,49,338,23,4.0
15245,0,64,32,7,4.0
5657,0,40,165,29,5.0
38890,0,57,52,10,3.0
3873,0,62,296,35,4.0
5234,0,35,180,17,5.0
35230,8,1,136,28,4.0
23665,2,82,26,7,3.0
23113,0,49,34,10,3.0
34654,0,80,266,10,4.0
24375,0,80,147,32,5.0
30774,0,29,3,18,3.0
30794,0,58,351,6,3.0
26422,0,77,25,10,3.0
27940,0,51,331,27,5.0
24356,0,89,114,30,4.0
36308,23,84,335,16,5.0
41058,0,61,148,33,5.0
23881,0,92,320,7,3.0
18431,1,1,121,6,4.0
10310,0,53,40,7,4.0
22160,0,58,340,14,3.0
40523,0,88,74,7,3.0
30750,0,44,50,15,3.0
19238,0,73,181,13,5.0
39179,0,42,18,13,3.0
29829,0,50,348,10,3.0
38973,0,33,129,42,6.0
14633,0,86,240,7,3.0
1962,0,47,117,35,6.0
26337,0,1,70,5,3.0
11097,0,1,94,6,2.0
8904,0,95,166,7,4.0
15223,3,69,360,22,4.0
11109,1,1,149,9,2.0
8993,0,67,127,41,5.0
15592,0,58,141,39,6.0
11076,0,1,114,10,2.0
28343,0,67,314,11,4.0
21330,0,31,128,39,5.0
12251,0,58,126,42,5.0
1366,0,78,347,9,4.0
20084,0,53,170,26,5.0
23409,0,89,279,14,2.0
11017,0,95,169,5,2.0
22867,0,77,139,35,4.0
22217,0,22,122,66,6.0
14778,0,90,162,10,3.0
2306,0,28,17,10,3.0
1793,0,43,140,40,6.0
27530,0,79,16,10,3.0
2723,0,28,312,9,4.0
13686,0,57,4,17,3.0
36181,0,66,348,10,4.0
35619,2,86,62,9,2.0
26392,0,69,138,39,5.0
11254,0,1,232,7,3.0
18338,0,1,354,10,4.0
5921,0,45,143,35,5.0
13469,0,48,38,14,3.0
20214,0,61,23,18,4.0
27422,0,83,185,26,5.0
31491,0,44,338,5,4.0
27342,0,71,321,7,4.0
1954,0,54,21,22,4.0
31205,0,59,341,13,3.0
9488,0,1,110,6,3.0
1694,0,42,184,8,7.0
11433,2,92,224,8,4.0
28890,0,46,183,32,6.0
5910,0,51,19,18,2.0
10199,16,1,203,11,3.0
23049,0,57,321,28,4.0
33855,0,78,12,10,3.0
37623,0,35,118,8,4.0
23026,0,45,37,14,3.0
29821,0,20,271,50,8.0
7573,14,1,147,6,4.0
2565,0,10,6,31,4.0
16666,0,56,302,31,4.0
11675,0,92,133,6,4.0
8611,0,36,115,49,6.0
24307,0,90,128,18,4.0
22608,6,1,271,7,3.0
28595,0,5,276,6,6.0
19030,7,1,309,10,4.0
41028,0,53,280,9,5.0
18239,0,92,79,3,4.0
37546,0,47,53,10,4.0
33313,0,91,187,24,5.0
17986,3,1,130,18,3.0
23600,0,80,342,7,3.0
15625,0,90,95,5,4.0
21378,0,44,151,35,6.0
36094,0,88,189,16,5.0
22946,0,93,17,9,3.0
29454,0,24,357,24,3.0
25647,0,95,181,31,3.0
28927,0,36,18,12,3.0
27058,0,75,42,10,4.0
19171,0,71,194,8,5.0
23362,0,91,347,16,3.0
40092,0,53,38,14,3.0
37315,0,43,133,50,7.0
5020,0,27,110,75,6.0
29544,0,32,15,15,3.0
4755,0,64,144,15,6.0
38328,0,24,184,32,5.0
11674,0,92,29,11,4.0
9988,0,1,65,9,2.0
29404,0,42,31,19,3.0
6672,0,82,149,40,5.0
6655,0,86,115,37,4.0
20891,0,35,122,48,5.0
25946,0,84,10,11,4.0
31541,0,61,36,12,3.0
41048,0,89,336,14,3.0
28951,0,57,34,15,3.0
14042,0,61,36,15,3.0
36356,0,82,169,43,6.0
16692,0,53,15,18,4.0
3059,0,7,6,24,3.0
10470,0,62,331,27,5.0
27840,0,83,295,6,3.0
30635,0,40,138,11,5.0
11165,0,86,351,9,3.0
14801,0,70,205,9,3.0
10251,11,1,311,12,3.0
25845,23,1,105,40,3.0
499,0,71,356,42,5.0
13314,0,43,299,8,4.0
6733,0,78,17,6,4.0
25170,0,90,127,27,3.0
39966,0,80,41,11,3.0
32798,0,73,104,11,4.0
10018,0,91,49,7,3.0
36812,0,56,119,52,5.0
32035,0,59,237,16,5.0
22979,0,71,346,10,2.0
11517,0,1,98,28,3.0
8787,0,77,20,11,4.0
20757,0,31,341,28,4.0
4575,0,80,57,10,4.0
19742,0,57,186,24,6.0
39,0,1,200,6,5.0
4941,0,87,173,4,2.0
14676,0,48,132,42,5.0
35734,0,93,211,11,3.0
23383,0,87,332,11,2.0
21090,0,89,342,13,2.0
33514,0,79,53,9,3.0
18461,4,1,324,9,4.0
37749,0,47,125,50,5.0
27713,0,71,138,47,6.0
38101,0,38,15,14,2.0
13139,0,40,175,19,6.0
21261,0,53,113,6,4.0
40450,0,48,62,13,4.0
29148,0,37,231,16,6.0
36283,0,55,158,9,7.0
36809,0,57,193,32,6.0
17325,13,1,108,28,3.0
1010,0,82,40,11,4.0
13735,0,39,3,13,3.0
24480,0,67,55,11,3.0
12973,0,73,132,47,5.0
1238,0,32,137,36,7.0
968,0,82,353,12,3.0
31709,0,45,168,22,4.0
24148,0,71,279,35,4.0
5785,0,12,28,18,3.0
2524,0,29,158,34,7.0
8769,0,83,59,9,2.0
5886,0,22,25,15,3.0
4520,0,87,121,35,4.0
40616,0,56,72,12,4.0
10987,0,72,137,36,5.0
2959,0,53,131,42,5.0
21231,0,42,133,50,6.0
26873,0,1,121,28,3.0
23380,0,80,11,7,3.0
7207,0,1,164,8,3.0
20449,0,49,45,8,4.0
34705,6,89,308,8,4.0
4908,0,84,40,8,3.0
15958,0,58,149,38,5.0
6756,0,94,337,8,3.0
1034,0,90,5,14,4.0
27195,0,77,48,8,4.0
2929,0,42,153,23,5.0
26387,0,68,352,9,3.0
17488,0,82,178,26,5.0
21165,0,61,146,8,4.0
1100,32,1,61,7,4.0
2189,0,31,178,28,6.0
38183,0,22,114,56,5.0
12689,0,1,127,23,4.0
36568,0,45,180,7,5.0
15861,0,42,123,38,5.0
33869,2,92,4,15,5.0
38813,0,68,278,9,3.0
29692,0,31,20,11,3.0
34716,0,83,83,16,3.0
28859,0,26,57,24,6.0
36066,0,69,142,40,6.0
32839,0,57,188,33,5.0
6626,0,68,131,28,5.0
21347,0,46,212,35,5.0
24994,0,89,12,9,4.0
15759,0,73,149,19,5.0
10244,0,95,122,28,4.0
697,0,62,10,52,5.0
6430,0,92,349,12,3.0
17564,0,91,121,29,5.0
7572,2,1,104,30,4.0
31440,0,67,132,9,3.0
24859,0,91,107,36,4.0
18996,0,71,17,12,4.0
5494,0,34,129,51,7.0
9493,0,92,58,6,4.0
38895,0,51,58,10,3.0
25922,0,78,23,13,4.0
39237,0,46,120,48,5.0
33778,0,73,359,8,4.0
10516,0,71,51,7,4.0
28219,0,1,119,23,4.0
26661,18,1,115,37,3.0
10374,1,58,314,45,4.0
24896,0,71,96,9,4.0
27110,0,81,172,24,5.0
16157,0,44,332,31,5.0
40407,0,51,129,41,6.0
5145,0,54,155,31,5.0
38952,0,34,169,23,6.0
13883,0,54,173,35,4.0
39201,0,48,342,6,3.0
25349,0,49,246,38,5.0
26105,0,87,208,13,5.0
7494,1,1,79,5,3.0
9985,7,1,132,26,2.0
6712,0,82,9,9,4.0
20945,5,89,1,96,3.0
32344,0,42,108,52,5.0
40790,0,75,184,14,4.0
9318,0,75,20,17,4.0
37073,0,36,202,17,6.0
35458,0,1,216,8,2.0
31014,0,44,29,25,4.0
18902,0,47,172,22,5.0
366,0,44,277,8,7.0
37276,0,71,296,12,3.0
29389,0,32,181,28,5.0
19156,0,95,329,22,3.0
27969,0,54,338,40,4.0
30757,0,32,159,33,6.0
34962,0,56,122,54,4.0
1822,0,67,315,11,5.0
10547,0,75,348,26,3.0
38282,0,31,324,8,3.0
31318,0,39,333,11,2.0
20405,0,27,37,15,3.0
15388,0,47,6,9,3.0
7606,0,95,244,7,3.0
9579,0,61,352,9,4.0
264,0,1,353,10,4.0
26783,8,93,321,10,3.0
12877,0,78,132,44,4.0
21023,0,50,36,18,4.0
12495,0,93,153,22,5.0
11874,0,1,118,47,4.0
5832,0,14,332,6,3.0
62,0,1,137,15,4.0
11712,1,1,8,5,3.0
27043,0,1,187,13,3.0
29122,0,50,56,11,4.0
2454,0,19,143,36,6.0
16651,0,56,148,43,7.0
3409,0,34,121,62,6.0
37514,0,43,341,8,3.0
34781,0,64,20,13,4.0
20820,0,23,145,40,6.0
11838,0,1,254,7,3.0
32129,2,81,176,27,4.0
21111,0,38,159,28,5.0
27120,0,76,237,7,4.0
13915,0,69,340,17,3.0
17307,4,1,319,8,3.0
20530,0,40,62,15,4.0
14527,0,71,344,10,3.0
14241,0,54,167,29,4.0
17900,26,94,143,22,5.0
36791,0,89,151,29,4.0
25700,23,89,55,33,4.0
37353,0,92,130,6,3.0
14165,0,23,344,25,4.0
12829,0,80,134,36,5.0
537,0,70,60,9,5.0
27417,0,89,15,8,4.0
2023,0,53,343,12,3.0
24350,0,69,188,28,5.0
8651,0,54,164,7,3.0
15650,1,1,81,6,3.0
31678,2,82,28,16,3.0
18347,0,84,15,7,4.0
3089,0,31,144,38,6.0
27539,0,68,187,7,4.0
38880,0,39,195,27,6.0
19383,0,80,181,27,5.0
5326,0,34,120,61,5.0
14177,0,40,336,13,4.0
35197,0,51,28,12,5.0
37069,0,49,18,24,3.0
25337,0,57,294,56,6.0
4275,0,38,14,10,4.0
6451,0,1,359,9,3.0
16067,0,65,224,28,4.0
16928,0,92,294,8,2.0
11574,9,1,306,9,2.0
12984,0,84,44,13,3.0
5920,0,42,109,61,5.0
4221,0,30,130,46,5.0
22036,0,49,297,53,4.0
37667,0,35,351,16,3.0
11447,1,91,315,28,4.0
34146,0,89,186,34,5.0
36309,0,73,172,34,6.0
7251,0,1,152,13,3.0
3228,0,42,17,14,3.0
34641,0,60,62,8,4.0
28732,0,67,29,16,3.0
11210,17,1,181,7,3.0
38405,0,42,336,12,4.0
22239,0,44,257,69,6.0
30850,0,29,106,5,4.0
22085,0,29,327,13,5.0
4851,0,64,130,46,6.0
32085,0,72,329,3,4.0
1471,0,50,21,27,3.0
23043,0,59,159,12,4.0
15518,0,27,279,61,2.0
18016,0,87,163,39,5.0
27335,0,77,353,24,4.0
40412,0,60,110,55,5.0
34786,0,58,4,23,3.0
5506,0,65,325,15,3.0
27704,0,54,41,16,3.0
17042,1,1,192,5,4.0
24169,0,86,9,8,3.0
14909,0,57,5,17,3.0
32600,0,47,47,11,3.0
11381,0,81,37,13,4.0
9313,0,87,295,8,4.0
11443,19,91,103,18,5.0
24635,0,94,232,6,2.0
38381,0,37,91,10,3.0
7432,0,59,135,49,4.0
1074,0,88,174,19,5.0
11779,0,1,110,14,4.0
14831,0,83,144,11,3.0
22839,0,55,138,36,5.0
399,0,1,199,9,4.0
23873,0,75,133,45,5.0
36997,0,70,326,14,3.0
7175,14,1,252,6,3.0
27247,0,88,4,7,3.0
37524,0,46,11,17,3.0
19733,0,1,355,22,3.0
271,0,86,125,50,5.0
30235,0,39,180,28,5.0
17215,0,94,111,6,4.0
23111,0,44,1,96,4.0
4180,0,29,55,7,4.0
16977,0,1,335,14,3.0
223,0,86,195,29,5.0
40885,0,81,192,11,4.0
38680,0,27,179,25,6.0
25630,39,1,143,14,3.0
4360,0,35,137,29,5.0
17121,0,80,21,11,4.0
5806,0,45,336,27,3.0
28348,0,71,359,6,4.0
4004,0,31,140,35,5.0
37325,0,80,355,9,3.0
18556,0,68,50,24,3.0
37520,0,43,341,15,4.0
32831,0,73,93,6,2.0
32998,0,71,36,10,4.0
10330,0,62,31,12,3.0
35262,0,76,6,12,3.0
31108,0,59,64,7,3.0
38143,0,44,6,11,3.0
17942,0,81,116,35,5.0
12789,0,90,342,17,4.0
4186,0,45,353,9,4.0
24911,0,83,79,7,3.0
29448,0,30,354,12,4.0
13037,0,95,25,10,3.0
30751,0,42,330,8,3.0
9248,0,83,18,12,3.0
787,0,1,102,8,4.0
13626,0,75,276,8,3.0
9998,0,95,228,9,3.0
29268,0,26,180,19,5.0
12170,0,57,92,15,4.0
39272,0,57,322,10,3.0
16806,0,78,1,96,3.0
19870,3,1,293,7,4.0
7170,0,81,198,8,5.0
17881,1,90,40,11,3.0
39830,0,64,207,6,4.0
7084,1,1,155,7,3.0
8135,0,72,122,74,5.0
14077,0,27,119,57,6.0
35283,4,1,194,6,3.0
30976,0,31,143,31,6.0
25440,2,93,339,7,4.0
27899,0,43,79,15,6.0
25493,0,50,318,30,5.0
15421,0,40,36,16,4.0
833,0,71,178,36,7.0
13670,0,55,163,31,5.0
4335,0,45,138,37,5.0
17430,0,78,349,11,4.0
466,0,83,165,29,6.0
2692,0,19,117,62,6.0
2457,0,27,337,8,5.0
34222,0,92,170,11,3.0
15509,0,30,308,22,4.0
12399,4,1,56,11,3.0
14112,0,66,17,6,3.0
4101,0,39,110,76,5.0
34164,0,91,170,9,5.0
40,0,95,298,7,5.0
31189,0,39,145,45,6.0
25980,0,1,195,6,3.0
35064,0,29,180,6,5.0
27671,0,1,32,7,3.0
4783,0,82,183,23,4.0
35502,0,91,235,7,3.0
28739,0,49,199,8,5.0
12015,0,1,163,30,3.0
38504,0,62,21,15,3.0
30267,0,5,3,14,4.0
28036,43,77,297,41,3.0
31133,0,44,348,29,3.0
37308,0,43,294,37,4.0
27901,0,45,211,17,7.0
29826,0,38,150,40,6.0
27705,0,53,358,25,3.0
36532,0,75,346,15,3.0
29921,0,38,163,42,5.0
32979,0,38,308,6,5.0
6224,1,1,134,17,3.0
5754,0,22,122,19,5.0
22560,0,87,145,16,4.0
8264,0,58,25,19,3.0
14875,0,65,347,26,3.0
20114,0,60,330,19,3.0
14039,0,76,337,17,2.0
4636,0,62,181,26,5.0
8447,0,47,119,46,5.0
28053,0,91,313,15,4.0
19662,0,62,335,33,4.0
18105,0,94,327,16,3.0
27791,0,83,352,6,3.0
39759,0,38,113,25,6.0
25485,0,78,241,9,5.0
6829,0,1,338,8,3.0
27734,0,46,186,26,7.0
3083,0,19,344,13,3.0
3017,0,33,142,50,6.0
24329,8,79,153,22,5.0
11479,0,88,10,7,4.0
6850,0,73,7,12,4.0
5254,0,35,351,9,3.0
20176,0,44,130,50,6.0
35780,0,88,164,29,5.0
32132,2,93,224,8,3.0
25157,0,92,125,16,2.0
37326,0,78,30,15,3.0
11976,4,1,353,10,3.0
26095,0,76,119,6,4.0
23325,0,72,164,36,5.0
9184,0,71,286,10,4.0
21435,0,43,38,34,4.0
8297,0,50,126,9,4.0
28079,0,58,12,29,4.0
17219,0,69,347,30,4.0
11955,0,83,70,7,4.0
29130,0,45,178,36,5.0
16303,0,1,305,8,3.0
21153,0,27,225,12,6.0
25908,0,73,354,10,4.0
40024,0,35,101,42,6.0
23439,0,33,168,54,7.0
4179,0,30,15,7,4.0
30116,0,37,199,8,4.0
13728,0,36,293,26,4.0
6627,0,67,126,36,5.0
40484,10,91,187,6,4.0
10157,1,95,7,9,3.0
34700,4,77,143,26,5.0
38478,0,65,44,12,3.0
23852,31,94,235,37,3.0
7017,1,1,337,5,2.0
24774,0,1,10,13,3.0
20232,0,60,37,10,4.0
1910,0,55,182,22,6.0
3982,0,30,121,59,6.0
2714,0,32,57,35,7.0
22377,0,54,333,15,3.0
23793,0,59,83,8,4.0
11130,0,1,123,23,3.0
3451,0,45,193,13,5.0
39276,0,58,7,4,3.0
37242,0,40,129,40,5.0
14308,0,61,20,10,2.0
24426,0,86,116,38,4.0
15901,0,18,141,8,4.0
8306,0,39,160,35,5.0
20731,0,40,19,66,5.0
36706,0,84,330,8,2.0
26267,0,67,9,11,4.0
27541,0,66,202,13,6.0
15348,0,45,4,24,3.0
34846,0,1,141,9,2.0
25322,0,50,292,40,5.0
15949,0,11,27,6,4.0
1945,0,80,344,23,4.0
22312,0,43,120,82,6.0
37748,0,46,121,62,5.0
21586,0,2,188,8,4.0
5053,0,61,349,9,4.0
27158,0,60,125,48,6.0
9806,0,17,54,7,5.0
17410,0,81,32,11,3.0
10471,0,66,324,19,4.0
35583,0,65,50,6,3.0
2807,0,53,350,9,3.0
3987,0,42,114,56,5.0
4000,0,48,28,16,3.0
29851,0,39,189,19,6.0
27220,2,76,352,14,4.0
19875,0,78,343,23,4.0
10386,0,51,145,42,6.0
8801,0,44,195,23,7.0
3883,0,25,265,13,6.0
38129,0,30,162,28,6.0
7274,0,1,127,19,3.0
30130,0,28,325,19,4.0
13577,0,70,125,32,3.0
17934,0,92,80,7,3.0
2802,0,53,21,15,3.0
3857,0,42,357,19,3.0
40345,0,88,227,7,3.0
32066,0,64,355,19,3.0
34462,0,93,116,34,4.0
5404,0,38,358,7,3.0
26575,0,62,15,14,4.0
20440,0,36,181,34,6.0
3467,0,43,21,12,3.0
16054,0,44,125,32,4.0
24858,0,88,138,29,5.0
39822,0,64,4,7,4.0
17431,0,80,11,7,4.0
7355,5,1,337,8,3.0
14280,0,48,56,5,3.0
29584,0,16,143,45,6.0
8262,0,76,310,10,3.0
10089,1,1,152,11,2.0
16821,2,84,191,18,3.0
37439,0,69,205,14,4.0
26051,0,77,353,13,4.0
19672,0,48,160,36,8.0
18189,8,1,235,22,3.0
12940,0,71,348,11,4.0
12501,1,93,360,10,3.0
37543,0,39,356,7,4.0
10282,0,77,357,14,3.0
41004,2,53,4,8,3.0
15024,0,48,68,58,3.0
1250,0,87,45,9,3.0
37964,0,33,116,58,5.0
20866,0,28,225,32,7.0
25919,0,1,273,6,3.0
12391,0,62,171,11,6.0
4342,0,54,8,8,3.0
14803,0,79,358,12,3.0
30404,0,37,301,5,4.0
3784,0,51,212,50,4.0
26546,0,71,5,13,4.0
3019,0,40,122,62,5.0
9617,0,37,129,47,4.0
22968,0,71,327,11,2.0
39124,0,42,3,15,3.0
25320,0,62,26,30,5.0
12152,0,87,173,25,5.0
34098,0,81,180,18,5.0
33429,0,76,141,35,5.0
21229,0,44,159,39,5.0
14478,0,57,58,5,3.0
13370,0,92,70,6,2.0
16664,0,54,201,54,5.0
35244,0,75,51,7,3.0
10489,10,1,186,12,4.0
15147,0,51,122,45,5.0
12946,0,62,184,13,6.0
17101,0,61,268,13,5.0
13920,0,67,329,30,3.0
33162,0,87,354,14,4.0
36286,0,78,255,4,5.0
7354,10,1,310,6,3.0
39114,0,28,162,35,5.0
17795,0,68,62,9,4.0
13999,0,53,26,17,3.0
16451,0,78,327,22,4.0
35971,0,80,137,37,5.0
11731,0,1,191,14,3.0
4245,0,32,139,40,6.0
34890,0,53,134,40,5.0
7997,0,60,212,43,5.0
38218,0,25,3,14,3.0
22502,0,44,188,14,6.0
17273,0,84,121,44,5.0
37510,0,28,142,37,6.0
450,0,94,80,6,4.0
1979,0,25,353,22,4.0
31667,0,79,154,10,4.0
1677,0,76,99,7,4.0
7994,0,62,160,38,6.0
11227,0,1,154,24,4.0
25595,0,1,133,6,2.0
9525,0,93,108,29,4.0
23574,0,64,257,14,3.0
16703,0,66,186,23,6.0
1356,0,49,188,16,6.0
31141,0,16,283,59,7.0
29109,0,45,212,9,4.0
25,0,1,216,7,4.0
10026,0,77,134,35,5.0
39068,0,28,154,34,6.0
1816,0,38,126,40,6.0
39630,0,67,329,11,3.0
9163,0,68,132,33,5.0
33076,0,73,288,9,4.0
3660,0,47,349,24,4.0
1084,0,71,336,10,5.0
2200,0,31,338,32,4.0
26257,0,71,235,84,4.0
29391,0,19,130,48,6.0
19128,0,1,306,7,4.0
3339,0,39,121,48,6.0
3027,0,35,352,24,4.0
20014,0,75,314,10,3.0
26579,0,48,348,11,5.0
7440,0,1,148,22,4.0
34234,0,84,60,8,3.0
15559,0,86,311,11,3.0
26834,0,76,322,19,3.0
29923,0,45,186,34,5.0
38229,0,12,121,73,6.0
23681,0,66,176,13,5.0
35437,2,1,258,5,3.0
22055,0,47,45,8,4.0
13801,0,47,16,16,3.0
19776,0,71,27,11,4.0
11703,0,1,174,25,4.0
10134,0,1,96,6,2.0
27511,0,37,33,17,3.0
12556,0,95,333,17,3.0
22434,0,35,153,44,7.0
27009,0,94,290,7,2.0
35156,0,44,280,23,7.0
25254,0,48,283,6,3.0
32421,0,18,305,10,3.0
7357,7,1,332,8,3.0
32630,0,31,127,56,6.0
11780,3,1,184,10,4.0
30962,0,47,300,7,3.0
15110,0,58,327,29,4.0
19501,0,55,185,6,6.0
7689,19,1,287,14,3.0
14672,0,38,176,15,5.0
4681,0,40,256,16,6.0
29957,0,44,340,26,2.0
34999,0,18,30,22,3.0
8164,1,1,165,9,4.0
26697,0,76,337,9,4.0
19099,0,87,147,39,5.0
19647,0,51,224,67,6.0
35636,0,59,150,24,5.0
35399,6,1,102,28,3.0
28387,0,45,185,12,6.0
28018,0,64,244,7,5.0
33204,0,82,355,7,3.0
9543,0,43,165,13,5.0
22204,0,44,11,12,3.0
11938,0,66,31,11,3.0
7231,2,1,20,8,3.0
33565,0,65,67,17,4.0
28590,0,10,9,14,3.0
30810,0,45,166,40,5.0
4094,0,55,341,14,3.0
13045,0,77,133,39,5.0
28172,8,1,12,13,4.0
24536,2,69,359,8,3.0
18418,0,86,34,10,3.0
36212,0,1,162,27,4.0
34000,0,82,181,18,4.0
15638,0,80,175,27,5.0
14197,0,25,142,43,6.0
12208,0,93,301,17,3.0
38984,0,46,20,16,4.0
25369,0,71,5,12,4.0
6754,0,1,182,8,3.0
32835,0,73,349,5,3.0
40730,0,1,270,9,3.0
19134,0,89,18,10,3.0
32484,0,28,171,29,6.0
20373,0,67,293,6,4.0
15532,0,89,111,8,4.0
22824,0,93,284,7,3.0
20788,0,22,313,30,3.0
9377,0,47,186,18,6.0
30291,0,8,343,15,4.0
7860,1,1,145,9,3.0
31313,0,30,115,75,5.0
3803,0,58,302,43,4.0
36414,0,1,108,9,3.0
23615,2,76,56,32,4.0
2157,0,73,316,9,3.0
23813,0,86,26,12,3.0
23510,0,55,175,11,6.0
39410,0,68,53,7,3.0
21121,0,60,300,6,4.0
38347,0,20,140,45,6.0
9455,0,89,164,10,4.0
35288,0,1,106,8,3.0
26489,55,82,141,13,4.0
11823,0,78,160,36,5.0
16536,8,88,35,44,3.0
23131,0,42,137,55,6.0
35933,0,72,301,24,4.0
4021,0,53,36,11,3.0
29072,0,49,5,30,3.0
35227,0,78,187,27,5.0
21064,0,54,172,29,5.0
14673,0,39,199,19,5.0
2348,0,56,48,14,4.0
38379,0,37,251,1,4.0
33650,0,1,223,8,3.0
35359,0,79,72,7,4.0
20188,0,59,118,6,4.0
10568,0,45,30,8,4.0
22428,0,56,49,17,4.0
23116,0,48,37,25,4.0
3844,0,82,223,10,4.0
8041,0,83,178,27,5.0
2312,0,28,160,14,5.0
17443,0,1,184,36,5.0
74,0,93,77,16,3.0
40185,0,56,16,17,4.0
29963,0,28,144,7,5.0
5935,0,53,44,11,3.0
7819,0,94,220,5,2.0
9075,0,92,9,23,3.0
9869,0,1,23,14,2.0
22196,0,43,121,45,5.0
3743,0,32,130,46,6.0
9139,0,56,116,41,5.0
25194,0,92,122,28,3.0
22577,0,76,177,7,4.0
24402,0,88,118,53,4.0
6697,0,94,146,12,4.0
5393,0,21,134,40,6.0
30210,0,30,185,42,7.0
37883,0,72,336,13,2.0
2752,0,44,351,13,4.0
12546,0,1,265,7,3.0
32152,0,44,129,54,6.0
3668,0,35,211,19,6.0
26487,4,80,153,14,5.0
12202,0,72,252,16,6.0
20390,0,14,183,30,7.0
19234,0,73,18,9,5.0
8381,0,60,26,7,3.0
33886,4,1,115,31,3.0
20478,0,79,286,5,3.0
6685,1,1,154,7,3.0
14243,0,47,173,12,4.0
3904,0,58,327,25,3.0
38836,0,65,333,7,3.0
7221,0,1,178,31,4.0
36900,0,49,34,23,3.0
22241,0,30,161,35,8.0
2191,0,33,133,41,6.0
10305,0,62,30,13,4.0
35792,0,88,13,5,3.0
35239,0,90,354,16,3.0
35490,0,1,182,23,3.0
17323,1,1,126,22,3.0
36421,0,80,37,9,3.0
19434,0,87,185,29,6.0
26284,0,1,32,11,4.0
6183,0,1,359,11,3.0
9478,0,1,185,23,4.0
22186,0,55,31,14,4.0
15745,0,1,298,4,3.0
34725,0,84,141,19,4.0
16010,0,78,333,11,2.0
37742,0,61,19,16,2.0
18211,0,1,116,18,4.0
13885,0,50,156,35,5.0
16591,0,88,330,17,3.0
17679,0,76,153,12,5.0
237,0,62,333,19,4.0
30327,0,6,239,19,8.0
5295,0,67,78,9,4.0
17819,0,92,42,9,3.0
3189,0,36,319,19,3.0
20571,0,50,41,11,4.0
35298,0,1,160,23,3.0
31585,0,69,58,12,3.0
9102,0,76,329,10,4.0
22606,4,95,229,5,4.0
37810,0,72,347,9,2.0
2383,0,35,159,33,6.0
31743,0,22,46,60,8.0
25757,0,93,3,11,3.0
26440,0,54,130,35,5.0
23527,0,60,322,12,4.0
9115,0,60,172,39,5.0
12005,0,1,169,7,3.0
36126,0,64,71,11,4.0
30523,0,28,115,57,4.0
29831,0,48,348,18,4.0
12371,0,76,160,41,6.0
20394,0,42,145,44,6.0
34720,0,70,176,15,5.0
24981,0,93,120,8,4.0
33784,0,81,232,5,3.0
39779,0,42,342,36,4.0
23801,0,59,139,43,6.0
2685,0,27,360,14,3.0
28468,0,45,33,16,3.0
3061,0,96,90,58,6.0
35563,0,68,140,37,4.0
36085,0,77,294,6,3.0
11393,0,80,181,24,6.0
4875,0,61,125,48,5.0
33990,0,95,19,7,4.0
18485,0,81,38,14,3.0
28587,0,10,16,28,3.0
11549,0,1,49,8,3.0
21109,0,35,151,27,5.0
3736,0,40,17,15,4.0
15606,0,79,344,23,4.0
8211,0,1,177,7,2.0
25746,0,1,116,35,3.0
11629,0,91,177,8,4.0
2711,0,44,332,10,4.0
20350,0,76,354,9,4.0
26260,0,56,25,48,5.0
12717,0,89,352,10,4.0
30994,0,39,329,14,5.0
31622,0,65,149,35,5.0
34279,2,84,5,9,3.0
22576,0,65,128,50,5.0
35020,0,50,5,11,3.0
18458,1,1,168,6,4.0
38914,0,64,161,5,3.0
28961,0,51,185,31,5.0
19574,0,80,200,14,5.0
1509,0,70,45,8,4.0
16944,0,83,63,6,4.0
34343,0,1,185,31,4.0
7786,3,1,156,6,3.0
36779,0,73,111,10,3.0
8782,0,61,132,50,4.0
23483,0,44,23,15,4.0
37997,0,46,32,9,3.0
26083,0,76,154,23,4.0
21193,0,54,298,7,3.0
25195,0,95,114,32,3.0
1080,0,1,16,7,4.0
8692,0,87,80,7,3.0
4600,0,68,33,12,4.0
1151,2,84,297,31,4.0
13738,0,33,158,39,5.0
36070,0,87,121,33,5.0
10099,0,94,178,38,4.0
7808,0,1,130,11,3.0
29971,0,49,192,17,5.0
12942,0,67,20,15,4.0
27938,0,56,329,29,5.0
26741,0,84,40,10,3.0
20687,0,54,329,28,5.0
10082,1,1,148,9,2.0
36634,0,60,4,12,2.0
28006,0,83,331,9,4.0
19346,0,1,325,6,4.0
13193,0,58,163,28,5.0
10759,0,39,10,13,5.0
4850,0,65,132,43,6.0
17872,0,75,136,29,5.0
27716,0,94,175,14,4.0
2416,0,33,6,14,3.0
7125,0,1,118,36,3.0
22211,0,47,359,7,3.0
25334,0,34,328,53,7.0
8796,0,43,349,11,4.0
39320,0,45,22,16,4.0
33392,0,88,31,14,3.0
16460,0,84,152,14,4.0
28083,0,81,293,9,3.0
36675,0,57,353,33,3.0
17997,26,1,105,24,3.0
20153,0,49,114,71,5.0
31404,0,44,154,35,6.0
19601,0,84,178,23,5.0
40615,0,78,327,14,3.0
14339,0,36,159,37,6.0
39844,0,76,93,7,3.0
16940,0,94,120,6,4.0
14580,0,57,133,45,5.0
29260,0,37,39,17,3.0
32401,0,29,7,14,3.0
32253,0,95,261,5,4.0
29602,0,13,34,15,3.0
6527,0,94,315,8,3.0
5173,0,75,329,15,3.0
16422,0,1,272,12,3.0
17221,0,61,297,14,5.0
38704,0,17,101,54,6.0
15397,0,50,23,16,3.0
25530,37,95,118,12,4.0
36794,0,1,232,8,3.0
14707,0,64,316,11,3.0
5291,0,67,346,16,4.0
17510,0,86,142,16,5.0
34670,0,66,80,8,4.0
541,0,1,316,14,3.0
32262,0,75,21,13,4.0
8379,0,58,19,10,4.0
16006,0,53,161,39,5.0
27330,0,87,104,34,5.0
5624,0,72,357,14,3.0
11769,0,82,334,18,4.0
25705,0,1,9,16,3.0
38969,0,16,350,32,7.0
35703,0,65,348,18,3.0
28644,0,46,162,13,5.0
38171,0,51,336,14,2.0
5246,0,48,7,12,3.0
34945,0,82,222,6,2.0
11501,0,87,28,14,4.0
35872,0,92,236,8,4.0
4456,0,64,84,30,5.0
26718,0,68,26,18,4.0
29514,0,33,193,23,5.0
32245,0,65,165,35,6.0
839,0,73,332,9,5.0
36758,0,90,347,16,2.0
29647,0,17,360,11,4.0
10220,0,1,148,19,3.0
473,0,1,352,8,4.0
18259,0,95,151,31,5.0
15444,0,54,15,13,3.0
12997,0,80,170,25,5.0
41101,0,65,229,6,4.0
14343,0,44,161,44,5.0
4158,0,15,348,6,4.0
9720,0,95,188,9,3.0
31253,0,59,12,8,3.0
25758,0,89,333,12,3.0
11007,0,67,138,38,5.0
5435,0,78,92,11,4.0
1360,0,57,143,34,6.0
24120,0,88,61,9,3.0
6025,0,58,53,8,3.0
15207,0,59,22,23,3.0
23981,0,59,351,25,2.0
39193,0,46,101,8,4.0
37376,0,65,47,16,3.0
38223,0,17,343,24,3.0
7611,0,53,334,15,6.0
1888,0,62,198,16,6.0
35264,4,84,293,6,3.0
16015,0,80,14,6,2.0
2795,0,57,356,8,4.0
30599,0,50,8,13,3.0
9879,0,79,176,13,4.0
33967,14,1,7,11,2.0
34360,0,69,195,8,5.0
32886,0,53,165,30,6.0
16243,0,90,140,29,4.0
2144,0,50,122,64,5.0
31628,0,92,21,11,2.0
16639,0,61,25,17,4.0
13819,0,57,7,10,3.0
3908,0,51,155,27,5.0
17409,0,80,298,8,3.0
38887,0,40,9,8,3.0
6476,0,86,81,12,4.0
9660,0,69,29,7,3.0
20312,0,42,53,14,4.0
26958,0,67,340,8,2.0
21214,0,59,338,10,3.0
1526,0,51,111,57,6.0
34346,0,1,148,13,3.0
8286,0,68,21,11,2.0
5684,0,27,119,78,5.0
11809,17,1,331,12,3.0
31909,0,21,204,23,8.0
18741,0,1,8,15,4.0
3760,0,42,79,25,4.0
34340,2,1,230,11,4.0
22544,0,46,31,14,3.0
40462,2,80,198,8,4.0
22751,12,87,349,61,4.0
4868,0,83,17,7,3.0
29320,0,25,131,43,6.0
14934,0,35,328,40,6.0
35225,0,76,195,15,5.0
1695,0,50,156,19,6.0
15802,0,90,357,11,2.0
16158,0,45,310,12,5.0
771,0,91,9,9,4.0
38245,0,27,37,18,3.0
29486,0,27,165,38,6.0
6875,0,93,22,8,3.0
23410,0,79,111,8,3.0
39279,0,46,81,11,4.0
2029,0,37,175,32,6.0
28397,0,57,358,6,4.0
5424,0,36,158,27,5.0
14429,0,54,288,10,3.0
15316,0,58,15,14,3.0
24611,0,90,188,7,2.0
6857,0,79,62,12,4.0
4674,0,61,346,18,4.0
27626,0,49,351,23,3.0
36462,0,66,336,22,4.0
21969,0,37,11,11,4.0
37833,0,69,16,12,3.0
15706,0,88,341,11,3.0
28312,0,47,126,47,6.0
20266,0,45,40,15,3.0
1396,0,90,304,13,2.0
10366,4,1,136,14,4.0
13313,0,37,211,7,5.0
29005,0,44,177,14,7.0
9594,0,47,121,53,5.0
25863,0,75,170,23,5.0
3732,0,38,38,19,4.0
38769,0,45,34,13,3.0
36766,0,89,237,9,3.0
33242,10,1,138,6,3.0
15201,0,56,18,17,3.0
19146,0,69,109,45,5.0
29533,0,21,130,33,5.0
22066,0,50,39,17,3.0
38433,0,48,300,7,3.0
34914,0,60,130,47,5.0
26757,0,1,159,9,4.0
7238,0,88,179,39,3.0
27732,0,27,296,12,6.0
32228,2,92,312,13,4.0
37549,0,51,21,23,3.0
11770,0,73,354,12,4.0
3552,0,39,154,34,6.0
34799,0,1,182,11,3.0
4357,0,33,145,31,6.0
33777,0,73,41,7,4.0
16653,0,67,138,42,6.0
26681,0,88,166,13,5.0
9199,0,90,27,6,3.0
31976,0,67,313,10,3.0
9342,0,1,341,9,3.0
162,5,1,300,6,3.0
31315,0,29,125,47,4.0
7766,0,1,20,17,3.0
21134,0,43,130,41,5.0
25887,0,64,241,13,5.0
2474,0,21,178,32,5.0
10593,0,67,89,8,3.0
20128,0,42,127,46,6.0
8674,0,75,190,11,3.0
10163,0,88,357,9,3.0
26954,0,89,1,96,2.0
21818,0,14,359,15,3.0
26376,2,1,155,7,3.0
14472,0,55,161,5,3.0
27651,0,65,70,5,3.0
4976,0,62,147,28,5.0
16740,0,90,28,7,3.0
3472,0,54,10,9,3.0
11634,5,93,147,30,5.0
5892,0,21,121,58,6.0
11333,0,95,58,10,3.0
503,0,69,307,8,5.0
40436,0,61,173,40,6.0
34779,0,72,20,19,4.0
11213,0,1,347,11,3.0
20663,0,60,298,35,4.0
29709,0,35,14,10,4.0
20122,0,64,29,16,3.0
1042,0,60,24,7,5.0
26187,0,76,9,11,5.0
37672,0,31,1,7,6.0
31757,0,39,320,36,3.0
20316,0,32,113,33,6.0
30573,0,39,36,6,2.0
32445,0,64,1,96,2.0
32957,0,28,1,55,7.0
5027,0,51,61,5,4.0
20717,0,40,246,58,3.0
40243,0,28,13,48,8.0
2797,0,58,352,15,3.0
35833,8,1,111,11,3.0
8809,0,81,84,16,3.0
16072,0,32,214,19,8.0
31958,0,54,156,31,5.0
12673,0,69,355,19,4.0
5746,0,21,184,22,5.0
1196,0,89,67,18,5.0
19138,0,83,20,17,3.0
40745,0,69,129,49,5.0
18567,0,69,174,28,5.0
13482,0,66,65,3,4.0
32088,0,71,334,25,3.0
27500,0,78,199,17,5.0
19762,0,73,55,17,4.0
17741,0,1,326,8,3.0
32289,0,71,346,31,2.0
37641,0,43,301,12,3.0
10214,0,65,190,8,5.0
38137,0,40,201,19,4.0
35685,0,79,162,28,3.0
16647,0,43,172,25,7.0
34280,4,80,348,14,3.0
628,0,75,39,12,4.0
30580,0,43,38,8,2.0
9077,0,81,337,15,3.0
27395,0,51,212,22,5.0
18947,0,51,353,9,4.0
15504,0,54,181,29,5.0
22127,0,62,46,8,4.0
2224,0,22,338,33,4.0
23401,0,87,357,11,3.0
7121,0,1,203,8,2.0
7140,1,1,197,6,2.0
25413,0,80,257,10,4.0
30558,0,43,36,9,3.0
27743,0,89,8,6,4.0
12844,0,83,48,12,3.0
4842,0,91,314,7,4.0
6630,0,82,108,38,4.0
26645,0,77,335,11,4.0
27174,0,67,329,8,4.0
16488,0,88,250,6,4.0
22354,0,64,336,10,3.0
20445,0,55,168,9,4.0
18352,0,84,164,29,6.0
14953,0,57,146,50,3.0
25737,0,1,22,5,3.0
8925,0,75,134,44,5.0
19746,0,69,141,40,6.0
13474,0,30,272,34,6.0
33864,10,1,115,39,3.0
30014,0,11,116,55,6.0
39289,0,43,207,8,4.0
209,10,1,336,9,3.0
40311,0,50,243,18,6.0
27903,0,68,137,37,6.0
18584,1,1,314,10,3.0
4643,0,1,84,5,3.0
32695,0,34,129,47,6.0
33634,0,76,324,6,3.0
10066,0,95,9,10,2.0
32108,0,60,338,8,4.0
964,0,1,50,15,2.0
15322,0,62,352,36,3.0
28823,0,49,38,12,3.0
9430,1,78,281,10,5.0
14192,0,7,246,48,5.0
7897,0,76,163,16,6.0
9698,0,90,332,11,4.0
18465,1,1,347,11,3.0
10291,0,79,126,44,5.0
14600,0,38,235,29,5.0
29571,0,32,347,11,3.0
34489,54,94,333,4,3.0
23311,0,80,338,7,3.0
15977,0,22,126,62,5.0
7191,0,90,58,6,3.0
37121,0,61,173,25,5.0
16864,0,1,137,19,3.0
30926,0,15,133,43,7.0
40282,0,40,333,23,4.0
9463,0,1,356,22,3.0
32737,0,54,33,11,3.0
31849,0,42,302,40,4.0
11478,0,88,61,8,4.0
20151,0,43,131,50,5.0
17961,1,1,193,7,3.0
14285,0,55,335,9,2.0
35000,0,14,9,17,3.0
16192,0,30,170,18,7.0
34505,0,75,194,30,5.0
33000,0,65,48,10,3.0
24707,0,58,119,8,5.0
8477,0,50,9,8,4.0
7791,0,1,25,15,3.0
1233,0,46,25,19,4.0
35446,2,1,122,27,3.0
26929,0,62,45,13,2.0
5077,0,60,285,6,4.0
35071,0,40,20,10,4.0
3197,0,28,134,45,6.0
6970,0,91,37,5,3.0
19535,0,1,345,8,4.0
10276,0,79,348,19,3.0
36065,0,73,191,12,6.0
9128,0,73,246,25,3.0
40822,0,1,119,31,3.0
15919,0,28,43,15,3.0
22252,0,68,360,14,3.0
25273,0,57,1,96,3.0
30410,0,39,351,22,3.0
13827,0,59,26,19,2.0
6885,0,59,163,27,5.0
37177,0,73,334,10,4.0
11803,0,1,110,29,4.0
17519,0,71,235,66,5.0
29007,0,40,164,35,6.0
8967,0,80,151,10,4.0
26816,0,64,344,16,4.0
20317,0,25,282,47,7.0
24791,0,78,44,10,4.0
5982,0,45,19,11,4.0
3991,0,56,40,8,3.0
14065,0,44,42,17,3.0
18749,0,64,319,34,5.0
39365,0,66,211,7,4.0
2022,0,53,12,18,3.0
1992,0,53,16,13,4.0
39548,0,37,131,43,6.0
4034,0,44,117,45,5.0
2684,0,31,9,16,3.0
24365,0,89,36,4,3.0
20386,0,30,343,28,2.0
11996,0,1,114,40,3.0
12303,0,94,290,6,4.0
20610,0,66,36,7,4.0
11867,0,95,339,6,3.0
4969,0,62,156,12,5.0
28815,0,38,158,35,6.0
39361,0,87,280,14,3.0
18561,0,65,314,8,3.0
6426,0,95,108,14,2.0
4979,0,67,348,9,4.0
432,0,71,177,10,5.0
33785,0,76,165,8,4.0
28367,0,73,345,6,4.0
9592,0,39,131,31,5.0
35555,0,87,348,17,1.0
37513,0,38,168,6,4.0
3084,0,18,26,17,4.0
10886,0,1,299,10,3.0
612,0,1,229,8,4.0
38842,0,65,322,9,3.0
33728,0,1,84,6,3.0
37307,0,44,302,35,4.0
9420,0,80,338,15,3.0
23238,0,77,301,6,3.0
19115,0,89,8,12,3.0
37506,0,36,183,33,6.0
19506,0,73,122,48,6.0
40878,0,94,76,16,3.0
36693,0,73,137,41,5.0
29182,0,36,43,15,4.0
197,0,76,184,12,5.0
33821,0,89,1,96,5.0
1216,0,83,180,13,6.0
2223,0,20,341,34,4.0
34050,0,80,198,17,5.0
12770,0,1,66,9,3.0
11768,0,84,352,17,4.0
26662,2,1,265,6,3.0
8848,0,78,178,10,4.0
24205,0,58,122,12,5.0
15576,0,88,295,9,3.0
905,0,88,118,54,5.0
17353,0,1,144,7,3.0
38136,0,35,159,14,4.0
5259,0,16,128,41,5.0
30446,0,28,129,48,5.0
24625,6,91,339,8,3.0
24053,0,58,44,9,2.0
16062,0,72,30,8,3.0
13623,0,65,121,65,4.0
12350,1,93,324,8,4.0
9205,0,80,18,9,3.0
22466,0,50,321,10,4.0
37336,0,50,202,6,5.0
6866,0,93,140,23,5.0
36702,0,89,290,8,3.0
14565,0,71,201,54,4.0
22887,0,58,162,35,4.0
28997,0,62,16,9,3.0
32899,0,45,309,31,4.0
37685,0,43,360,14,4.0
10873,16,1,316,9,3.0
30915,0,46,52,7,4.0
8074,0,69,317,10,4.0
28140,0,66,150,15,6.0
39793,0,80,19,10,3.0
4411,0,79,32,15,3.0
27647,0,84,142,7,3.0
26108,4,89,145,15,5.0
30542,0,18,132,51,5.0
28373,0,83,24,8,3.0
8223,0,1,99,12,3.0
21007,0,35,41,23,3.0
34948,0,94,358,5,2.0
9641,0,64,183,19,4.0
10384,0,43,163,16,6.0
20566,0,65,28,7,4.0
21377,0,42,137,48,6.0
26199,0,53,266,24,7.0
24135,0,76,194,13,5.0
33373,0,83,32,6,3.0
14660,0,73,333,17,3.0
26971,2,90,184,12,3.0
13708,0,40,15,35,3.0
37688,0,43,22,14,3.0
38542,0,38,139,32,5.0
7090,0,1,269,6,3.0
11297,0,83,160,34,5.0
8487,0,59,171,15,4.0
22940,0,77,115,54,5.0
4312,0,39,169,34,5.0
37184,0,62,355,19,3.0
7122,0,1,170,10,3.0
2349,0,56,14,15,3.0
4739,0,91,346,18,3.0
29401,0,30,341,13,4.0
7908,0,59,15,29,5.0
36429,0,76,149,43,5.0
21177,0,50,299,70,3.0
10186,0,81,333,26,4.0
35008,0,12,117,28,5.0
17395,0,87,130,36,5.0
29828,0,45,164,7,4.0
32765,0,49,183,29,6.0
17238,0,77,307,15,4.0
7767,1,1,94,10,3.0
38589,0,36,141,45,6.0
866,0,76,146,59,4.0
1600,0,53,121,55,6.0
27152,0,79,303,9,3.0
25865,0,70,127,41,5.0
17833,0,1,18,6,3.0
21068,0,77,352,22,3.0
19980,0,44,343,29,4.0
13418,0,81,135,9,3.0
26100,0,76,291,7,4.0
27740,0,87,162,25,5.0
11426,1,94,347,27,4.0
16376,0,67,3,18,4.0
23601,0,81,352,8,3.0
34939,0,61,145,41,4.0
13864,0,53,184,18,4.0
30841,0,49,331,22,3.0
7754,0,1,178,11,3.0
24871,0,76,235,9,4.0
31548,0,50,200,14,6.0
13522,0,35,133,29,6.0
11208,27,1,128,8,3.0
34244,2,93,226,14,4.0
33268,37,1,275,16,3.0
14607,0,55,177,39,6.0
28530,0,33,163,30,7.0
2107,0,72,298,11,3.0
36852,0,95,359,11,2.0
19750,0,90,51,10,4.0
9855,0,75,207,7,4.0
10294,0,91,141,4,4.0
17585,0,1,122,44,4.0
18214,10,1,145,8,4.0
9599,0,90,84,18,3.0
35901,0,88,182,31,5.0
14146,0,34,166,26,7.0
14216,0,27,101,58,6.0
9252,0,82,10,9,3.0
461,0,71,207,11,6.0
16573,0,68,91,5,5.0
19945,0,50,29,11,4.0
2252,0,13,326,27,4.0
17003,0,80,94,3,4.0
20446,0,61,356,10,3.0
27308,0,91,70,7,5.0
9696,0,94,253,6,4.0
22727,0,44,327,15,6.0
1287,0,35,155,33,7.0
25880,0,77,31,9,3.0
7335,0,1,104,5,3.0
32095,0,46,36,9,4.0
21203,0,44,349,32,3.0
37999,0,48,335,8,3.0
680,0,77,188,17,5.0
6741,0,50,184,10,7.0
33972,0,1,69,9,1.0
3316,0,51,131,22,4.0
37767,0,55,345,23,3.0
25077,0,93,119,25,3.0
10865,0,1,159,22,4.0
15496,0,40,289,39,6.0
713,0,1,211,6,4.0
29881,0,29,38,17,4.0
31247,0,67,344,6,3.0
8019,25,95,9,8,4.0
6348,0,90,25,7,3.0
9403,0,68,150,36,5.0
28231,0,80,58,8,3.0
26800,0,89,187,34,5.0
15074,0,43,20,17,4.0
15174,0,71,280,7,3.0
11305,12,95,332,11,3.0
10274,1,86,160,4,3.0
25534,4,77,297,53,3.0
4916,0,72,356,14,3.0
20709,0,42,303,26,5.0
23463,0,33,79,69,6.0
12695,1,1,350,8,3.0
9622,8,89,352,6,2.0
7651,0,87,314,31,4.0
13540,0,71,32,13,2.0
30045,0,55,22,10,4.0
23241,0,71,332,10,3.0
24361,12,94,341,9,3.0
15507,0,34,212,34,5.0
8355,0,59,331,9,3.0
1805,0,49,344,32,4.0
1187,0,55,57,9,7.0
7067,0,82,39,6,4.0
35900,0,81,173,30,5.0
6130,0,83,202,13,4.0
36640,0,50,214,8,4.0
32235,0,72,132,3,4.0
29281,0,36,340,30,3.0
34091,0,81,343,19,4.0
30626,0,57,10,6,3.0
17248,0,81,176,12,5.0
5410,0,34,29,6,4.0
19908,0,78,42,8,4.0
25497,0,50,351,77,5.0
34677,23,88,241,11,5.0
16930,0,90,301,6,3.0
9187,0,58,107,42,5.0
26839,0,66,20,10,4.0
32849,0,75,65,8,4.0
35004,0,14,353,24,3.0
9734,0,80,127,9,3.0
19711,0,79,345,24,4.0
10944,2,1,116,29,3.0
25814,0,84,193,16,5.0
15107,0,72,157,7,3.0
25021,0,1,187,18,3.0
36773,0,1,85,8,3.0
21806,0,26,152,44,6.0
24675,0,71,97,12,4.0
1061,0,78,18,8,3.0
18169,0,95,336,27,4.0
26216,0,56,4,16,5.0
205,4,1,150,7,4.0
7325,1,1,180,11,3.0
26625,0,80,5,8,4.0
15581,0,77,18,11,4.0
34572,0,59,358,10,5.0
5108,0,38,342,13,3.0
22207,0,35,257,11,4.0
8612,0,38,114,74,6.0
33670,16,1,149,13,3.0
21629,0,38,19,24,3.0
6391,0,67,121,76,5.0
37023,0,48,298,23,5.0
34688,0,65,323,13,4.0
16594,0,77,356,11,4.0
7598,0,1,123,8,4.0
4134,0,12,348,29,4.0
17424,0,84,301,32,5.0
37223,0,35,95,33,5.0
38713,0,47,290,8,4.0
1663,0,60,343,25,4.0
16016,0,78,31,9,2.0
38265,0,32,31,9,3.0
38898,0,46,174,34,5.0
23550,0,76,57,9,3.0
37065,0,48,31,14,4.0
2415,0,35,349,17,3.0
37727,0,46,127,36,5.0
18281,15,95,120,39,5.0
31338,0,29,130,48,5.0
2908,0,36,133,42,6.0
25875,0,76,313,6,4.0
7139,1,1,271,4,2.0
28719,0,49,152,40,5.0
18831,0,81,192,24,5.0
11207,1,1,105,19,3.0
18973,0,75,198,8,5.0
39052,0,40,23,15,3.0
32400,0,32,5,15,3.0
5128,0,46,15,8,4.0
15877,0,26,54,10,4.0
14407,0,46,326,29,3.0
25430,0,42,339,58,6.0
31502,0,51,191,29,6.0
26145,0,70,330,19,4.0
1527,0,57,109,52,6.0
3568,0,43,40,11,3.0
20211,0,61,29,17,4.0
40801,0,1,321,6,3.0
10498,0,71,6,10,3.0
27522,0,66,129,37,5.0
19255,0,79,336,38,4.0
24235,0,55,111,32,6.0
24538,0,66,63,10,4.0
34064,0,90,268,11,5.0
38821,0,60,357,13,2.0
28497,0,46,351,27,4.0
22617,0,95,174,6,3.0
39352,0,20,131,7,6.0
30479,0,46,32,15,3.0
16018,0,70,334,9,2.0
23708,0,72,118,37,4.0
21955,0,32,115,62,6.0
5371,0,25,121,53,6.0
14236,0,70,341,14,3.0
31312,0,31,114,82,5.0
25516,0,62,359,9,5.0
6207,1,1,354,9,3.0
5495,2,53,62,14,4.0
31751,0,36,146,49,5.0
8816,0,71,64,7,4.0
28261,0,42,184,22,6.0
17976,6,1,111,22,3.0
13215,0,55,178,43,6.0
6647,0,76,37,10,4.0
10536,0,1,14,13,4.0
14583,0,57,158,36,5.0
22373,0,48,8,13,3.0
13293,0,38,30,19,4.0
6350,0,1,299,6,3.0
36936,0,76,274,6,4.0
21297,0,44,29,16,3.0
22360,0,33,132,60,6.0
6649,0,58,188,11,5.0
34637,0,61,352,27,4.0
12151,0,84,181,15,4.0
8098,0,94,80,14,3.0
17002,0,82,290,9,4.0
16415,0,1,233,11,4.0
1551,0,44,125,48,6.0
20508,0,34,16,14,6.0
23060,0,35,35,58,6.0
21721,0,42,30,13,4.0
29638,0,14,38,9,4.0
12694,0,1,184,5,3.0
29600,0,17,27,25,3.0
10834,0,1,350,9,3.0
32239,0,61,19,15,4.0
20295,0,47,145,36,6.0
35708,0,57,137,41,5.0
2965,0,77,286,9,3.0
23737,0,95,300,18,3.0
25799,0,83,21,10,4.0
32196,0,58,188,23,5.0
6749,2,1,177,7,3.0
14899,0,64,21,5,3.0
10000,0,93,161,10,4.0
17747,0,95,333,7,3.0
22025,0,22,317,63,8.0
20776,0,35,182,24,5.0
28185,0,71,337,28,4.0
27973,0,54,199,11,7.0
21751,0,46,292,53,4.0
29802,0,37,159,27,6.0
38266,0,34,326,22,3.0
29227,0,44,187,25,5.0
32026,0,38,300,18,6.0
14463,0,39,115,59,4.0
19698,0,84,186,19,5.0
25565,0,75,8,13,3.0
14933,0,40,307,10,4.0
40190,0,50,46,40,5.0
16434,0,77,121,47,5.0
11039,0,1,206,9,2.0
2375,0,53,38,11,3.0
33489,0,67,34,9,4.0
36929,0,34,261,16,7.0
8058,0,54,2,18,5.0
32153,0,45,147,43,6.0
1301,0,72,43,14,3.0
3237,0,33,27,24,3.0
11078,0,1,153,27,3.0
9491,0,1,52,9,3.0
31423,0,73,35,9,3.0
8955,0,76,301,8,4.0
26746,0,73,344,29,3.0
12235,0,53,49,14,5.0
41079,0,67,200,15,4.0
35345,0,78,184,27,5.0
10215,1,61,291,42,5.0
40040,0,53,212,44,4.0
13119,0,56,160,35,6.0
40219,0,34,164,45,7.0
18476,14,1,96,69,4.0
16811,0,82,122,8,3.0
37640,0,42,25,13,3.0
491,1,92,332,14,5.0
2829,0,48,23,18,3.0
11339,0,95,343,14,3.0
23108,0,30,129,58,6.0
21319,0,30,355,24,3.0
8145,0,87,138,8,3.0
15812,0,45,117,60,5.0
16965,0,93,203,17,4.0
26562,52,93,147,16,4.0
14078,0,30,128,46,6.0
12240,0,46,313,10,3.0
39226,0,66,360,8,3.0
13075,0,1,79,6,3.0
10503,0,55,194,7,6.0
37929,0,67,21,10,3.0
2001,0,57,352,24,3.0
8797,0,28,354,17,5.0
32739,0,48,335,15,4.0
37432,0,68,170,12,4.0
10553,0,58,174,13,6.0
36799,0,82,325,12,3.0
31938,0,61,122,58,5.0
40561,0,90,140,5,4.0
21648,0,35,50,5,3.0
4818,0,89,316,6,3.0
24444,0,73,196,6,4.0
969,0,75,335,26,4.0
9048,0,1,256,9,3.0
13963,0,61,345,22,3.0
27088,0,75,183,23,5.0
12400,0,94,254,8,4.0
9333,0,64,126,47,5.0
10952,0,1,27,6,3.0
15535,0,86,22,7,3.0
8876,0,84,177,23,5.0
27291,0,49,355,26,4.0
38192,0,34,318,38,4.0
16498,0,71,19,11,4.0
13592,0,89,356,11,3.0
20269,0,30,164,13,6.0
1087,0,60,268,25,5.0
7785,0,1,156,22,3.0
31631,0,88,7,5,3.0
11724,0,82,108,6,3.0
1700,0,58,242,4,6.0
38843,0,61,304,11,3.0
27617,0,53,143,39,6.0
19926,0,77,36,10,3.0
32866,0,56,226,22,5.0
10687,0,1,17,6,3.0
37463,0,40,175,36,6.0
27547,0,84,125,33,5.0
30528,0,35,333,8,3.0
20349,0,70,351,8,4.0
10216,0,84,166,8,5.0
28887,0,42,172,31,7.0
35152,0,44,313,23,6.0
25520,0,64,65,10,4.0
19717,0,73,164,13,5.0
2820,0,61,55,9,3.0
17505,0,1,22,11,3.0
19564,0,93,29,11,4.0
27181,0,67,187,22,5.0
23112,0,53,36,13,3.0
14514,0,59,360,6,3.0
17433,0,79,44,11,4.0
40796,0,90,147,24,4.0
75,0,90,353,11,3.0
15656,0,94,52,6,3.0
31536,0,72,343,19,3.0
12697,7,95,333,17,3.0
29402,0,31,38,15,4.0
8337,0,67,331,13,3.0
36506,0,91,338,13,3.0
31596,0,53,163,32,5.0
1003,0,79,180,11,5.0
5549,0,64,43,8,4.0
7156,0,90,106,7,3.0
14576,0,40,24,65,5.0
38365,0,42,25,8,2.0
39609,0,75,343,15,3.0
6979,0,81,170,32,4.0
25409,0,68,142,45,6.0
37969,0,49,344,9,3.0
10698,0,68,120,45,5.0
40126,0,57,188,23,5.0
8157,0,69,151,35,6.0
1401,0,90,50,11,2.0
30429,0,42,40,8,3.0
18697,0,1,17,7,3.0
23191,0,71,325,9,3.0
39930,0,57,162,34,6.0
17477,0,70,179,22,5.0
30252,0,6,287,31,6.0
38783,0,51,181,34,5.0
39231,0,66,223,7,3.0
13236,0,50,176,30,5.0
5324,0,30,121,63,6.0
35223,0,1,99,4,3.0
33127,0,75,133,34,5.0
15100,0,51,24,17,5.0
5609,0,35,131,43,6.0
2938,0,71,15,12,3.0
24399,0,75,180,26,5.0
22927,0,93,21,6,3.0
28604,0,55,13,5,4.0
15729,0,88,3,8,3.0
485,0,82,188,11,6.0
16757,1,90,128,4,4.0
26592,0,83,297,8,4.0
11488,0,83,152,42,6.0
7445,0,1,138,6,4.0
28453,0,32,172,33,6.0
21977,0,26,122,61,6.0
8836,0,84,27,7,4.0
36143,4,1,141,11,4.0
22,0,95,119,10,4.0
38614,0,47,183,16,5.0
16132,0,53,348,31,5.0
12347,0,82,166,44,5.0
19335,0,94,120,36,4.0
2364,0,50,224,7,4.0
28332,0,57,184,29,6.0
18020,1,1,122,23,3.0
5179,0,70,315,7,4.0
5334,0,50,346,25,3.0
25769,0,90,162,32,5.0
32495,0,40,1,96,3.0
40042,0,62,331,14,4.0
24438,0,91,43,7,3.0
36914,0,84,351,12,4.0
37351,0,90,341,12,3.0
30070,0,47,19,11,3.0
33057,0,91,185,26,4.0
24152,0,1,354,3,2.0
32183,0,71,314,40,3.0
35860,0,93,290,7,4.0
14597,0,57,325,17,2.0
3122,0,21,191,30,7.0
5296,0,56,172,18,5.0
10270,6,93,39,15,3.0
4631,0,65,359,12,3.0
27357,2,81,25,15,4.0
35795,0,79,21,10,3.0
25296,2,86,334,9,4.0
17662,17,92,326,16,3.0
1307,0,50,134,7,6.0
11476,0,90,22,6,4.0
27425,2,87,165,26,6.0
36491,0,69,341,30,3.0
31604,0,92,306,5,3.0
17416,0,71,171,29,5.0
6154,0,80,105,45,5.0
11692,11,94,346,10,3.0
35427,2,1,126,18,3.0
8938,0,89,21,9,4.0
1545,0,61,33,19,3.0
23730,0,61,123,52,6.0
35159,0,70,153,37,6.0
16469,0,94,52,8,3.0
858,0,89,132,22,6.0
39894,0,78,46,7,3.0
18080,0,95,209,9,3.0
14746,0,47,178,35,5.0
8004,0,62,136,9,5.0
10062,0,1,34,12,3.0
39331,0,38,164,26,6.0
7484,0,93,143,28,5.0
14352,0,59,82,11,3.0
7289,1,1,172,19,3.0
34238,0,76,107,5,3.0
23798,0,67,158,16,5.0
39135,0,13,235,71,4.0
22032,0,50,224,6,4.0
27175,0,66,341,16,3.0
8643,0,54,72,7,4.0
22325,0,48,9,13,4.0
14737,0,37,20,13,4.0
2668,0,19,138,48,6.0
23450,0,70,24,7,4.0
6324,0,91,79,7,3.0
658,0,70,185,30,6.0
19685,0,92,58,8,4.0
3657,0,47,333,8,4.0
15171,0,57,141,40,5.0
37213,0,58,34,13,3.0
31545,0,54,344,9,3.0
25387,0,67,110,35,5.0
14764,0,55,25,14,4.0
6122,1,93,294,13,3.0
11591,2,1,105,43,3.0
38018,0,50,5,9,3.0
13323,0,38,11,11,4.0
21836,0,34,323,7,4.0
16309,0,93,287,7,4.0
12736,0,1,103,39,3.0
3659,0,48,73,16,4.0
323,0,72,139,10,4.0
30265,0,13,22,14,4.0
40792,0,72,174,35,5.0
23743,0,75,296,14,3.0
36048,0,1,123,24,3.0
8794,0,60,3,9,4.0
3546,0,48,55,11,3.0
13145,0,68,188,25,5.0
23629,0,83,124,24,4.0
10845,0,1,116,36,3.0
5815,0,15,9,17,2.0
20690,0,57,331,22,4.0
26496,0,80,178,7,4.0
15211,0,50,179,34,4.0
39031,0,42,338,13,4.0
4387,0,56,19,8,4.0
30578,0,42,338,22,2.0
27971,0,45,57,48,6.0
18318,0,86,44,9,4.0
38615,0,46,187,18,5.0
20825,0,33,330,11,4.0
17426,0,1,311,10,3.0
22276,0,73,257,9,3.0
16352,0,1,141,6,3.0
11746,0,1,304,15,3.0
18441,0,91,33,7,4.0
16412,0,94,134,24,4.0
35941,0,59,336,25,4.0
21801,0,30,357,43,3.0
5519,0,53,162,37,6.0
683,0,81,144,34,5.0
12098,3,1,354,9,3.0
9183,0,64,124,6,5.0
37404,0,83,16,6,2.0
4423,0,45,168,33,4.0
35422,2,95,270,9,3.0
30152,0,18,50,15,4.0
4043,0,46,9,5,4.0
28895,0,40,353,39,5.0
26354,0,75,314,5,4.0
10429,0,56,32,22,4.0
11534,2,78,297,9,4.0
39093,0,27,120,64,5.0
38019,0,51,331,7,3.0
19186,0,94,246,6,3.0
37697,0,36,163,17,5.0
31970,0,62,8,16,4.0
23770,0,81,341,12,4.0
35304,6,1,156,13,3.0
6260,0,1,55,8,2.0
32808,0,70,4,7,2.0
21710,0,30,121,61,6.0
4608,0,56,1,27,6.0
39594,0,32,137,36,5.0
35543,0,94,127,28,4.0
37556,0,33,131,49,6.0
40020,0,42,16,40,4.0
14461,0,38,118,59,4.0
26581,0,66,185,15,6.0
11278,3,1,123,11,3.0
5423,0,28,141,40,6.0
31081,0,56,156,7,3.0
2946,0,50,12,8,4.0
8599,0,55,10,12,3.0
36982,0,48,115,47,6.0
22714,0,45,343,53,5.0
34608,0,1,110,9,4.0
15923,0,11,41,14,3.0
39731,0,47,16,17,4.0
30640,0,39,126,56,5.0
37434,0,57,134,48,5.0
141,0,1,92,7,3.0
27510,0,37,17,18,4.0
7507,3,1,127,30,4.0
29920,0,33,141,45,6.0
31971,0,59,169,5,4.0
29101,0,25,181,29,8.0
7143,2,1,109,41,2.0
13632,0,82,5,13,3.0
21808,0,28,127,55,5.0
15303,0,51,299,42,3.0
857,0,76,123,57,7.0
34872,0,68,119,28,4.0
36296,0,80,310,2,4.0
29649,0,17,3,9,4.0
20163,0,65,347,8,4.0
16363,0,93,140,13,4.0
28403,0,35,151,12,6.0
26768,0,82,44,14,3.0
29006,0,46,169,29,6.0
20389,0,8,61,10,7.0
24188,0,84,114,28,3.0
33790,0,70,186,18,4.0
31975,0,53,11,10,4.0
21449,0,23,132,46,6.0
24786,4,91,132,19,4.0
513,0,69,337,36,5.0
5727,0,13,130,47,6.0
37813,0,61,224,10,2.0
12801,0,56,161,10,6.0
21843,0,27,37,16,3.0
12397,0,93,155,23,4.0
25860,0,72,127,5,4.0
29363,0,36,267,8,4.0
40973,0,64,212,9,3.0
12319,0,40,261,19,6.0
5887,0,17,18,12,4.0
25391,37,88,257,14,3.0
37534,0,28,150,42,6.0
17226,0,70,172,37,7.0
1630,0,73,30,7,4.0
39270,0,57,11,6,3.0
36981,0,47,120,59,6.0
26166,0,86,335,9,4.0
2070,0,50,160,8,6.0
29474,0,28,345,16,4.0
1927,0,64,355,13,4.0
41061,0,84,161,13,4.0
298,0,66,142,34,6.0
11964,0,84,51,10,3.0
24531,0,80,271,11,3.0
25687,0,93,111,8,3.0
9001,1,1,12,9,3.0
35981,0,86,257,10,3.0
2400,0,26,125,5,6.0
24807,0,68,203,18,6.0
7592,0,86,200,25,5.0
11317,1,61,146,29,5.0
10238,0,64,343,10,4.0
22019,0,33,308,25,3.0
31794,0,60,191,17,5.0
31951,0,50,23,32,4.0
9395,0,77,12,13,4.0
39770,0,77,20,4,4.0
18913,0,87,62,10,3.0
32980,0,39,278,7,6.0
5175,0,68,32,8,3.0
39131,0,20,345,40,3.0
1938,0,66,167,34,6.0
34185,0,78,7,6,4.0
30118,0,37,329,12,3.0
29411,0,16,121,8,5.0
12124,0,91,6,7,3.0
17889,0,86,330,8,4.0
2303,0,31,36,15,3.0
2732,0,35,349,8,3.0
40228,0,50,356,25,4.0
37164,0,49,28,18,3.0
14062,0,39,7,17,3.0
13326,0,47,335,10,3.0
31411,0,57,170,32,6.0
27882,0,67,193,15,5.0
35367,0,82,281,7,3.0
1723,0,55,180,12,6.0
28402,0,44,356,18,4.0
24557,0,71,20,8,3.0
33117,0,84,349,12,3.0
14891,0,42,138,43,5.0
14264,0,57,0,34,5.0
2098,0,71,181,13,4.0
36473,0,70,163,9,5.0
7956,0,59,38,17,4.0
22548,0,36,348,10,4.0
1163,0,54,350,44,6.0
18000,10,1,115,33,3.0
11151,0,95,177,13,4.0
12777,0,80,127,8,5.0
25768,0,88,185,36,5.0
16747,0,62,166,26,5.0
37487,0,33,148,29,5.0
12210,0,71,156,9,4.0
10714,0,1,5,9,2.0
19384,0,87,167,34,5.0
3944,0,54,31,16,3.0
34965,0,58,123,58,5.0
35756,0,69,178,29,4.0
28170,0,84,175,10,5.0
40675,0,43,143,38,7.0
3341,0,49,41,5,4.0
29075,0,50,189,13,5.0
32011,0,59,185,23,5.0
15060,0,40,10,13,3.0
30202,0,74,47,18,5.0
181,17,1,97,18,4.0
15886,0,39,140,38,5.0
13945,0,68,356,10,2.0
13925,0,64,39,17,2.0
26439,0,49,131,39,5.0
4963,0,71,37,9,3.0
37951,0,56,341,10,3.0
7452,0,55,349,24,4.0
23140,0,66,28,17,3.0
32532,0,25,184,13,7.0
36521,0,65,164,12,6.0
13331,0,38,167,18,4.0
1921,0,65,25,16,5.0
9299,0,71,66,10,3.0
37560,0,36,192,15,5.0
39158,0,38,279,41,3.0
40658,0,64,331,22,4.0
28369,0,77,337,6,4.0
23565,0,64,158,43,5.0
4658,0,66,187,17,5.0
35254,2,94,186,23,4.0
27706,0,50,37,24,3.0
28864,0,46,172,39,6.0
16302,0,1,127,7,3.0
17195,0,69,338,30,5.0
30531,0,40,341,15,2.0
10718,0,82,40,12,3.0
19786,0,81,347,13,3.0
36760,0,76,204,11,4.0
18938,0,87,22,12,4.0
37512,0,34,64,2,5.0
9760,0,47,175,19,4.0
15497,0,32,276,47,7.0
37433,0,62,189,10,5.0
27157,0,64,178,26,6.0
16355,0,88,85,8,4.0
8151,0,82,26,8,3.0
10017,0,92,113,6,3.0
1832,0,62,43,9,4.0
21204,0,38,288,4,5.0
32287,0,79,333,17,2.0
11220,0,82,16,12,4.0
27670,0,1,8,6,3.0
23392,0,61,182,39,5.0
22893,12,94,194,9,4.0
26140,0,69,347,12,4.0
8826,0,46,143,36,6.0
15997,0,37,147,10,4.0
15974,0,9,159,29,6.0
6328,0,62,344,22,3.0
34027,0,73,166,32,5.0
23211,0,72,299,11,3.0
39467,0,71,3,11,3.0
40653,0,62,152,37,6.0
25241,0,39,141,34,6.0
7966,0,37,277,82,8.0
1002,0,70,209,12,5.0
719,0,1,358,7,4.0
34689,0,61,32,18,5.0
20308,0,58,15,13,4.0
5928,0,64,22,16,3.0
25501,0,39,339,50,6.0
24303,0,78,180,27,5.0
36446,0,60,352,24,3.0
22507,0,39,117,56,7.0
5856,0,42,22,9,4.0
19091,0,75,32,16,4.0
30043,0,42,163,19,5.0
27185,0,69,155,24,5.0
39020,0,35,142,49,6.0
34663,0,81,305,8,4.0
39057,0,36,37,14,3.0
7433,1,50,90,69,5.0
33832,0,81,177,8,4.0
37243,0,40,138,26,5.0
20152,0,45,115,75,5.0
31030,0,47,18,9,3.0
22691,0,49,329,17,4.0
23034,0,29,121,66,6.0
6074,0,66,132,7,3.0
40663,0,34,53,18,5.0
29345,0,31,145,41,6.0
11740,0,1,142,9,3.0
13610,0,87,309,7,2.0
34408,0,71,228,9,5.0
18836,0,1,167,7,3.0
8440,0,62,152,13,4.0
16673,0,32,271,8,8.0
28029,0,68,21,23,4.0
12682,0,76,174,27,5.0
12610,0,51,175,14,6.0
36475,0,72,163,33,5.0
40917,0,76,187,36,5.0
37312,0,32,146,49,6.0
34131,14,91,36,11,4.0
30914,0,46,347,31,4.0
31984,0,56,182,23,5.0
4002,0,45,218,4,4.0
8012,0,55,138,37,6.0
23110,0,36,173,42,5.0
35927,0,90,109,38,4.0
9111,0,61,185,12,5.0
18391,0,95,201,10,3.0
37814,0,69,293,12,2.0
40256,0,42,338,29,4.0
27793,0,81,4,11,3.0
10159,0,89,344,9,3.0
20967,0,67,171,13,4.0
11404,0,1,59,9,4.0
4691,0,83,139,6,4.0
22596,0,81,90,6,4.0
39419,0,45,8,29,3.0
20488,0,46,172,37,6.0
7168,0,83,22,7,4.0
4553,0,64,16,31,4.0
17886,0,77,14,9,4.0
39871,0,61,356,9,4.0
19225,0,84,180,8,4.0
26822,0,73,176,40,6.0
21289,0,48,359,13,3.0
7269,1,1,155,26,4.0
820,0,87,41,11,4.0
14143,0,49,340,40,4.0
4083,0,51,338,24,3.0
3562,0,50,38,23,4.0
12934,0,81,17,13,4.0
19678,0,1,237,7,4.0
28361,0,67,127,36,5.0
24368,0,82,342,11,4.0
3739,0,25,19,8,6.0
35625,0,71,21,12,3.0
31762,0,34,257,23,4.0
24828,0,71,47,9,4.0
1701,0,66,34,7,5.0
33922,0,1,130,12,4.0
35551,0,1,10,10,2.0
38541,0,36,171,36,6.0
17313,0,92,262,3,3.0
3778,0,43,305,38,5.0
37900,0,66,25,6,3.0
3867,0,62,155,27,5.0
25578,0,1,122,35,3.0
30240,0,3,304,24,4.0
11776,0,83,133,37,6.0
16544,0,73,29,32,4.0
16619,0,70,27,9,4.0
19215,0,77,226,25,6.0
10030,0,1,93,33,3.0
16933,0,78,201,8,4.0
3119,0,27,218,12,6.0
11543,0,1,144,12,3.0
9819,0,71,52,6,3.0
5079,0,64,63,7,4.0
31147,0,60,226,8,4.0
32507,0,38,167,11,7.0
33697,8,1,109,45,2.0
19950,0,44,10,14,4.0
27687,0,67,161,27,5.0
23710,0,71,228,8,4.0
15414,0,42,40,11,3.0
16581,0,1,156,7,4.0
32509,0,30,184,31,7.0
1716,0,37,101,44,6.0
33629,0,78,116,5,3.0
7824,0,93,118,6,3.0
35902,0,93,181,17,4.0
16946,0,81,332,15,3.0
5536,0,58,139,11,4.0
13213,0,50,139,33,5.0
21797,0,36,4,23,3.0
16379,0,69,158,12,4.0
8864,0,95,68,10,3.0
28883,0,27,79,38,6.0
28691,0,34,140,4,5.0
34023,0,76,119,4,3.0
27665,0,71,119,52,4.0
19921,0,87,357,6,3.0
40386,0,61,130,50,6.0
17404,0,80,22,3,4.0
29,0,91,287,7,5.0
25504,0,62,176,37,7.0
2394,0,54,37,13,4.0
7989,0,54,139,41,6.0
23588,8,86,183,25,4.0
17335,13,1,35,6,3.0
11599,0,95,342,8,3.0
35497,0,1,180,16,3.0
34830,0,1,131,16,3.0
2658,0,30,359,12,3.0
10968,7,1,126,33,3.0
17317,0,1,151,9,3.0
24854,0,77,183,15,5.0
25848,14,94,303,19,3.0
38366,0,42,359,10,2.0
19096,0,76,138,43,5.0
4130,0,43,29,16,4.0
11429,0,78,99,10,5.0
25855,2,86,42,9,3.0
12121,0,1,24,9,3.0
8705,0,75,160,18,4.0
31287,0,42,117,77,5.0
36217,18,1,147,6,3.0
10940,0,88,125,35,4.0
8357,0,57,18,14,4.0
17449,12,1,26,15,4.0
12857,0,90,177,24,4.0
32557,0,25,35,66,7.0
30713,0,35,176,35,5.0
15526,0,84,153,4,4.0
28738,0,57,4,6,3.0
14980,0,30,161,16,7.0
19896,0,94,135,8,4.0
40309,0,59,336,8,3.0
17999,10,1,116,30,3.0
29041,0,50,360,9,3.0
35829,0,82,167,22,5.0
22187,0,57,342,12,3.0
32396,0,20,171,11,4.0
1125,7,90,319,15,4.0
14156,0,47,8,13,4.0
32617,0,54,37,14,3.0
15569,0,54,126,53,6.0
39132,0,16,344,36,3.0
12507,0,69,340,10,4.0
30881,0,55,184,26,4.0
25518,0,60,23,24,5.0
2891,0,57,129,7,3.0
15905,0,24,140,48,6.0
2557,0,42,343,14,4.0
36208,0,68,227,7,5.0
31016,0,43,358,26,4.0
30319,0,11,26,17,3.0
11801,0,92,123,34,4.0
19023,0,77,161,36,6.0
40172,0,56,180,33,5.0
12213,0,57,346,26,4.0
30077,0,44,344,9,3.0
37855,0,64,29,13,3.0
23266,0,81,23,6,3.0
22458,0,34,175,43,7.0
21666,0,27,132,37,5.0
9861,0,80,169,29,4.0
14350,0,60,341,7,3.0
30313,0,18,352,53,4.0
13566,0,83,335,12,2.0
27288,0,50,357,30,5.0
24712,0,73,136,45,5.0
16064,0,57,41,7,2.0
1111,0,82,18,16,4.0
35926,6,90,128,23,4.0
38963,0,48,12,23,3.0
36994,0,64,298,9,4.0
8014,0,59,132,52,6.0
25762,0,86,235,16,3.0
9589,0,53,34,7,3.0
18319,0,87,41,9,4.0
40346,2,86,303,16,3.0
14017,0,47,356,16,3.0
11981,2,94,235,6,3.0
18971,0,82,329,8,4.0
29570,0,30,37,14,3.0
5781,0,37,348,12,3.0
1337,0,93,96,32,4.0
17529,0,79,336,28,4.0
2869,0,53,329,13,3.0
37370,0,69,33,18,3.0
14079,0,34,129,43,5.0
36107,0,75,16,10,4.0
18670,0,84,151,7,4.0
25333,0,37,57,35,7.0
3532,0,47,340,9,4.0
21476,0,36,279,8,5.0
26691,0,1,302,14,4.0
24570,10,62,84,15,4.0
36844,2,95,11,12,3.0
18018,0,1,107,23,4.0
37039,0,58,30,14,4.0
1909,0,62,164,15,6.0
553,0,1,352,16,5.0
30575,0,42,349,28,2.0
31706,0,45,90,48,5.0
22542,0,44,40,15,4.0
7925,0,58,130,4,5.0
8988,0,93,337,12,3.0
38624,0,45,337,9,4.0
5749,0,15,117,44,6.0
37294,0,78,193,39,5.0
12916,0,73,9,14,3.0
4536,0,56,325,40,4.0
8064,1,78,147,40,5.0
23301,0,80,147,36,4.0
27540,0,66,182,9,5.0
25092,0,67,215,7,3.0
6001,0,46,338,30,4.0
38325,0,20,125,57,6.0
38867,0,28,44,10,3.0
16685,0,61,55,8,5.0
32040,0,56,43,25,4.0
30764,0,35,102,18,5.0
7449,0,55,299,30,4.0
11933,0,71,39,13,3.0
23341,0,80,162,9,4.0
11575,14,1,345,7,2.0
30739,0,42,185,26,4.0
40037,0,53,157,3,4.0
2919,0,60,41,6,3.0
4879,0,75,116,57,5.0
13300,0,23,353,12,3.0
3641,0,44,326,25,4.0
8714,0,92,292,7,3.0
39836,0,67,118,57,5.0
6828,0,1,292,12,3.0
5598,0,69,17,13,4.0
16907,0,68,18,16,3.0
34841,0,1,182,19,3.0
29663,0,28,6,19,3.0
9019,0,92,286,17,3.0
31000,0,26,184,40,6.0
10726,0,92,240,15,4.0
6795,33,90,70,14,4.0
28253,0,39,33,27,3.0
15508,0,27,179,51,5.0
3705,0,54,3,10,4.0
33760,0,72,275,7,2.0
27797,0,76,353,15,3.0
11681,11,94,110,31,4.0
40775,8,95,63,7,3.0
6977,0,71,129,7,4.0
17655,0,83,163,26,5.0
17846,0,78,174,9,5.0
15001,0,36,1,47,5.0
10837,0,1,176,6,3.0
2855,0,38,45,12,4.0
20423,0,67,68,10,3.0
28617,0,35,26,9,3.0
30119,0,29,343,16,4.0
13409,0,84,141,27,4.0
38864,0,18,353,19,4.0
19415,0,1,124,7,4.0
9615,0,40,169,28,4.0
9350,0,83,306,6,4.0
17328,5,1,96,33,3.0
25513,0,94,318,13,4.0
23795,0,65,1,96,4.0
25669,0,83,221,9,4.0
15011,0,47,309,23,5.0
4187,0,44,32,13,4.0
10319,1,1,89,30,3.0
13985,0,64,75,6,3.0
29722,0,49,292,47,4.0
26905,0,70,39,8,3.0
32353,0,17,8,8,3.0
38684,0,19,168,45,8.0
23086,0,40,170,35,5.0
25442,2,79,28,5,4.0
1818,0,56,152,39,6.0
30956,0,44,327,6,4.0
18044,2,1,54,15,4.0
34672,0,75,169,13,5.0
20745,0,9,101,80,7.0
4906,0,82,104,6,4.0
34478,0,91,57,9,3.0
32198,0,64,150,43,6.0
17992,0,1,126,40,4.0
3379,0,43,227,11,5.0
1241,0,64,126,51,6.0
6003,0,46,322,24,4.0
33169,0,69,84,9,4.0
5489,0,29,173,17,7.0
20451,0,49,168,15,4.0
33608,0,1,146,5,3.0
13135,0,33,319,28,4.0
9061,0,79,9,14,3.0
33238,6,88,118,37,4.0
7130,12,1,89,25,2.0
39820,0,67,340,11,4.0
38741,0,49,32,11,3.0
24134,0,70,166,13,5.0
32811,0,64,44,10,2.0
17539,0,1,126,19,4.0
8883,0,95,101,17,3.0
39639,0,42,306,39,5.0
25011,0,93,342,4,3.0
5981,0,45,6,12,4.0
21079,0,50,318,30,3.0
33593,0,75,213,6,5.0
36569,0,45,199,14,6.0
18512,0,1,2,8,3.0
39389,0,43,293,39,5.0
7615,0,88,180,16,5.0
13479,0,53,138,32,5.0
38844,0,54,4,12,3.0
22191,0,36,121,70,6.0
23572,0,68,3,22,4.0
27482,0,78,351,13,4.0
34698,0,67,172,33,6.0
40483,10,93,226,7,4.0
34703,2,1,233,9,4.0
24654,0,94,189,3,3.0
2006,0,26,120,48,6.0
33635,0,78,54,6,3.0
4782,0,78,178,24,5.0
13127,0,45,8,16,4.0
22736,0,46,26,17,4.0
35720,0,77,65,8,2.0
12485,0,75,23,19,3.0
23421,0,78,316,11,4.0
15230,0,79,341,7,3.0
31410,0,51,153,41,6.0
15417,0,55,60,10,4.0
29359,0,29,19,10,3.0
2424,0,34,180,11,5.0
39088,0,20,163,11,5.0
15334,0,38,119,54,5.0
34795,0,94,133,28,4.0
21239,0,71,331,23,3.0
22418,0,62,14,9,3.0
32972,0,69,47,9,4.0
21503,0,35,360,14,4.0
12955,1,83,348,24,4.0
12187,0,84,110,17,4.0
13638,0,62,27,18,3.0
27959,0,72,328,10,4.0
27460,0,64,47,13,5.0
30836,0,56,302,6,4.0
27210,0,86,137,15,4.0
33636,0,78,125,6,3.0
37575,0,46,360,11,3.0
15019,0,48,315,44,3.0
1931,0,57,140,7,5.0
32450,0,55,343,9,3.0
789,0,1,38,14,4.0
39848,0,78,96,12,3.0
6849,0,75,28,23,5.0
34371,0,94,297,17,3.0
12492,5,95,227,9,4.0
20546,0,62,48,8,3.0
26118,6,78,257,10,4.0
32184,0,61,44,13,4.0
34835,0,1,185,4,3.0
26836,0,65,48,13,4.0
2982,0,46,138,45,6.0
29693,0,32,27,15,3.0
12144,0,87,294,15,3.0
10984,0,68,161,26,4.0
3958,0,19,130,50,6.0
29069,0,48,327,27,4.0
19882,0,77,14,9,3.0
32318,0,67,138,46,5.0
29517,0,46,353,5,3.0
9500,0,93,84,26,4.0
19406,0,70,271,13,6.0
20747,0,9,2,73,8.0
21617,0,27,111,57,6.0
15731,0,86,335,23,3.0
36142,0,91,188,18,5.0
5218,0,39,139,38,5.0
10407,0,22,172,10,7.0
6410,0,73,186,24,5.0
38233,0,19,83,8,4.0
33444,0,95,355,8,3.0
36826,0,75,28,11,3.0
35597,0,45,62,10,3.0
32364,0,14,150,35,5.0
25879,0,77,329,8,4.0
19964,0,73,189,10,5.0
2369,0,56,17,8,4.0
23078,0,17,310,37,7.0
26631,0,87,198,11,5.0
35646,0,76,329,8,3.0
23918,0,83,155,13,4.0
1234,0,46,15,14,4.0
8745,0,72,349,12,3.0
25834,0,82,358,6,4.0
7487,0,1,105,30,4.0
26944,0,40,109,28,5.0
13130,0,59,356,28,4.0
25787,0,70,25,8,4.0
29319,0,24,149,41,6.0
318,0,68,182,18,6.0
3214,0,21,168,41,4.0
12163,0,1,334,22,2.0
11949,0,1,136,8,3.0
17463,0,87,167,5,5.0
684,0,83,123,37,5.0
40758,0,86,298,9,3.0
24900,0,65,82,12,5.0
27954,23,87,73,5,5.0
28171,0,92,65,11,5.0
38094,0,46,353,8,3.0
7857,0,1,90,8,2.0
2587,0,22,311,27,4.0
12995,0,68,183,16,5.0
33971,0,1,77,8,1.0
12780,0,84,171,32,5.0
10460,0,72,166,34,5.0
21864,0,47,47,16,3.0
945,0,73,43,11,3.0
3616,0,45,12,19,4.0
32398,0,27,357,16,3.0
10897,39,1,254,9,4.0
13344,0,69,15,11,3.0
17602,0,82,347,19,4.0
9509,0,1,149,9,3.0
40927,0,92,47,5,3.0
22136,0,46,28,36,4.0
20954,0,86,30,9,3.0
3137,0,67,307,12,3.0
8986,0,91,308,9,3.0
29832,0,46,17,10,4.0
9339,0,1,33,13,3.0
4517,0,76,170,31,5.0
15794,0,83,123,8,3.0
26526,0,78,320,9,4.0
37865,0,36,1,44,6.0
20777,0,44,130,5,3.0
12632,0,70,30,14,4.0
35725,0,77,355,11,2.0
7044,0,1,297,9,2.0
23609,0,68,162,30,5.0
8949,4,72,333,41,5.0
32049,0,73,9,6,3.0
22448,0,53,293,60,5.0
33211,0,80,189,11,5.0
5001,0,51,126,45,5.0
30534,0,43,78,10,2.0
18922,0,81,340,22,3.0
3924,0,48,54,19,3.0
28054,0,77,322,11,4.0
4715,1,79,332,36,4.0
8558,0,50,1,96,4.0
31792,0,54,150,39,6.0
23631,0,79,175,22,4.0
5143,0,39,115,75,5.0
11083,3,1,175,19,2.0
38102,0,37,26,15,3.0
10567,0,42,5,10,4.0
5138,0,27,130,50,6.0
32909,0,29,2,53,6.0
7954,0,58,349,24,4.0
29301,0,45,296,6,3.0
33273,0,75,56,9,3.0
33247,0,1,75,7,3.0
4668,0,83,46,16,4.0
39798,0,76,29,11,3.0
14774,0,76,122,40,4.0
27925,0,71,162,18,5.0
20433,0,33,19,26,4.0
29277,0,46,17,14,3.0
19617,0,60,323,32,5.0
29510,0,22,169,32,5.0
39604,4,78,51,12,3.0
22840,0,58,122,51,5.0
17592,16,1,313,12,3.0
20040,0,83,344,6,4.0
17828,0,1,102,32,3.0
33904,0,89,172,12,3.0
20894,0,36,119,46,5.0
4718,4,77,303,36,3.0
4308,0,44,61,7,3.0
37589,0,46,37,8,3.0
30943,0,46,296,27,3.0
26509,0,67,277,23,6.0
39828,0,58,30,7,3.0
5362,0,38,50,13,3.0
29038,0,49,8,14,4.0
8354,0,59,22,15,4.0
14729,0,48,201,10,4.0
2021,0,51,15,18,3.0
31476,0,36,24,81,5.0
26559,0,71,203,22,6.0
33082,0,95,116,45,4.0
17847,0,76,176,29,6.0
14506,0,54,177,35,5.0
5702,0,34,132,50,5.0
18188,8,1,150,10,3.0
20482,0,60,21,14,4.0
4860,0,90,349,12,3.0
28976,0,69,26,9,2.0
25896,0,89,268,15,4.0
24133,0,67,99,4,4.0
13800,0,46,336,30,3.0
29549,0,29,330,8,4.0
36951,0,47,6,36,4.0
35793,2,83,349,7,3.0
20574,0,54,21,14,3.0
21614,0,25,136,53,6.0
23495,12,77,275,10,4.0
16599,0,62,153,33,5.0
8662,0,47,158,40,5.0
21694,0,42,347,15,3.0
7100,9,1,225,5,4.0
10200,16,1,265,7,3.0
29354,0,27,25,11,4.0
12066,0,1,176,27,4.0
37624,0,32,213,8,4.0
34950,0,86,335,4,2.0
23292,0,77,351,13,4.0
368,0,57,207,23,7.0
13183,0,66,19,24,3.0
30786,0,39,138,43,5.0
28845,0,90,356,9,2.0
40339,0,68,125,47,4.0
7887,0,83,336,18,3.0
1331,0,64,229,10,5.0
2852,0,38,39,13,4.0
2361,1,35,166,37,6.0
26599,0,72,293,13,4.0
19017,0,86,53,11,3.0
24884,0,94,156,7,4.0
32889,0,54,209,16,5.0
4955,0,87,276,4,4.0
8011,0,51,191,18,6.0
20352,0,65,332,43,4.0
378,0,80,345,42,5.0
30,0,84,133,8,5.0
27387,0,48,279,35,6.0
9452,0,69,105,38,6.0
28947,0,58,348,24,3.0
20168,0,64,136,6,4.0
36418,0,1,353,18,2.0
39733,0,46,33,16,4.0
2078,0,75,342,14,4.0
28840,0,48,172,28,5.0
10999,0,80,32,8,3.0
35588,0,70,180,32,5.0
7570,0,95,141,35,5.0
7849,0,1,89,8,3.0
26502,0,79,33,7,4.0
12172,0,82,201,24,3.0
2264,0,21,128,49,6.0
14794,0,38,125,55,5.0
16313,0,82,161,37,5.0
38409,0,44,48,8,4.0
10504,0,62,149,13,6.0
15781,0,77,171,7,4.0
11789,0,89,17,11,4.0
28608,0,39,22,10,3.0
22427,0,54,333,14,4.0
2181,0,38,22,12,3.0
5903,0,47,358,6,3.0
30740,0,47,113,5,3.0
24979,0,77,99,45,6.0
31864,0,55,167,44,6.0
18504,0,1,339,9,3.0
31181,0,57,26,14,3.0
13795,0,44,18,15,3.0
28163,0,56,209,8,6.0
28526,0,39,154,34,7.0
30338,0,27,293,48,4.0
31040,0,30,335,14,4.0
28417,0,53,4,8,3.0
37108,0,60,4,18,3.0
28568,0,11,11,44,5.0
5643,0,88,338,8,3.0
26450,0,91,140,8,3.0
12176,0,72,238,10,5.0
36231,0,71,349,8,4.0
23346,0,62,132,49,6.0
2825,0,59,340,10,3.0
14392,0,44,154,32,5.0
16918,17,95,24,15,2.0
11129,0,1,182,25,3.0
30995,0,32,339,45,6.0
3499,0,40,1,22,5.0
21169,0,49,44,13,4.0
34941,0,77,102,31,3.0
5725,0,12,133,36,6.0
32955,0,32,8,14,5.0
17061,26,1,143,5,3.0
15406,0,33,163,41,6.0
19231,0,83,321,11,4.0
26799,0,91,189,18,5.0
17380,0,1,254,5,3.0
39526,0,50,118,44,5.0
3812,0,33,274,59,7.0
36072,10,95,238,7,4.0
1350,0,90,29,14,2.0
7734,0,1,141,23,4.0
6662,0,1,341,7,3.0
25606,0,1,219,10,3.0
19955,0,45,31,17,3.0
15408,0,36,171,27,5.0
37056,0,71,104,8,5.0
18185,0,76,155,33,5.0
14139,0,56,73,24,4.0
22368,0,50,343,9,3.0
17562,1,92,121,28,5.0
4534,0,59,40,16,4.0
9561,0,66,18,16,3.0
23787,0,69,29,7,4.0
38746,0,45,15,12,3.0
2188,0,34,180,24,5.0
39573,0,34,115,57,5.0
36051,0,1,135,6,3.0
34129,2,1,243,12,3.0
2676,0,34,36,14,4.0
32774,0,67,171,8,4.0
26704,0,78,182,40,6.0
39470,0,67,8,11,3.0
37639,0,44,246,9,2.0
32627,0,40,188,22,5.0
36399,0,62,332,8,4.0
29704,0,25,148,42,6.0
32063,0,86,20,12,3.0
4238,0,39,4,9,5.0
39403,0,42,160,38,6.0
15429,0,33,126,61,6.0
2030,0,35,138,38,6.0
29568,0,31,31,17,3.0
14679,0,54,144,38,5.0
35119,0,57,113,43,5.0
4222,0,31,148,34,5.0
7443,0,1,144,10,4.0
32179,14,91,279,10,3.0
31039,0,34,40,14,4.0
26917,0,82,195,24,5.0
22746,0,54,167,35,7.0
39977,0,56,134,30,5.0
10760,0,39,31,14,5.0
36846,0,83,93,6,3.0
31453,0,56,226,23,5.0
19664,0,65,337,55,3.0
40839,0,91,187,30,4.0
37998,0,46,195,4,3.0
20628,0,29,256,18,7.0
32542,0,28,294,11,3.0
1796,0,61,161,8,6.0
38679,0,34,349,22,4.0
28969,0,81,346,19,2.0
12487,0,64,349,5,4.0
40995,0,83,337,15,3.0
22581,0,83,216,11,4.0
13664,0,75,320,10,3.0
16069,0,54,350,36,5.0
34404,0,87,216,6,3.0
25127,0,89,357,11,4.0
6745,0,81,145,32,5.0
39646,0,60,188,41,5.0
36183,0,61,28,15,5.0
34761,0,69,80,11,4.0
38703,0,22,315,32,4.0
34193,0,61,176,27,4.0
7215,0,1,326,3,2.0
800,0,66,309,36,5.0
40685,0,64,315,7,4.0
4416,0,50,32,6,4.0
5316,0,40,353,9,3.0
33555,23,1,301,12,3.0
2051,0,64,186,9,5.0
30945,0,49,212,26,3.0
26497,0,90,298,12,3.0
23242,0,70,65,6,3.0
20126,0,43,131,42,6.0
20906,0,64,347,26,2.0
40329,0,75,315,8,3.0
23344,0,64,141,32,6.0
1970,0,57,11,23,4.0
16366,0,1,73,5,4.0
24072,0,46,271,6,3.0
5450,0,39,304,18,4.0
37950,0,55,9,15,3.0
12983,0,86,37,14,3.0
31037,0,43,8,15,4.0
29823,0,37,171,43,6.0
32180,41,83,329,24,3.0
7821,5,91,336,15,3.0
1678,0,81,329,7,4.0
33307,0,83,197,8,4.0
29761,0,51,41,13,3.0
31597,0,51,137,40,5.0
29531,0,20,192,9,5.0
5962,0,38,164,31,6.0
25237,0,21,112,15,5.0
34158,0,72,45,11,4.0
36047,2,1,105,38,4.0
34547,0,65,29,13,4.0
11020,0,1,166,9,2.0
12879,0,87,173,25,4.0
30728,0,51,11,5,3.0
24838,14,92,190,62,4.0
2409,0,33,340,8,4.0
14795,0,40,120,56,5.0
2903,0,54,342,18,3.0
28564,0,45,31,13,5.0
18709,0,95,180,11,4.0
27020,48,1,268,6,2.0
7582,0,79,187,3,4.0
36767,0,92,182,11,3.0
7548,0,92,175,23,4.0
36597,0,60,141,43,5.0
33833,0,83,193,10,4.0
28467,0,44,347,28,3.0
1514,0,53,334,8,5.0
677,0,65,340,23,4.0
11607,1,93,182,15,4.0
23518,0,69,193,14,5.0
607,0,1,110,19,4.0
38071,0,44,327,17,2.0
13635,0,81,359,13,2.0
20842,0,24,176,11,6.0
24267,0,91,18,10,3.0
37313,0,33,290,49,6.0
16905,0,73,7,11,2.0
30601,0,49,33,8,3.0
7580,0,88,201,12,3.0
35632,0,58,199,7,5.0
34090,0,84,353,9,4.0
8186,0,1,165,14,3.0
10782,0,87,332,7,4.0
16426,0,1,280,7,3.0
4890,0,78,340,13,2.0
12798,0,76,359,23,4.0
16491,0,71,31,14,4.0
23030,0,27,173,28,6.0
8800,0,37,171,29,7.0
34047,0,66,126,9,4.0
22820,0,76,117,47,4.0
22771,0,68,107,22,5.0
9065,0,68,131,50,5.0
22885,0,66,111,6,3.0
17724,0,94,196,5,4.0
6776,0,82,14,13,4.0
23662,0,81,181,6,3.0
21358,0,58,358,15,4.0
26242,0,50,355,31,5.0
10013,0,1,80,11,3.0
32145,0,44,201,37,5.0
35567,23,90,97,32,3.0
26050,0,80,53,12,4.0
17759,0,1,139,17,4.0
19942,0,75,336,13,4.0
21822,0,6,338,39,3.0
341,0,76,120,8,5.0
29001,0,55,345,27,3.0
23949,0,86,184,19,4.0
31190,0,37,142,46,6.0
34203,4,1,105,27,3.0
7147,0,95,143,30,3.0
7568,0,90,235,9,3.0
39789,0,68,192,27,4.0
7113,0,1,147,6,2.0
35656,0,64,152,15,5.0
2197,0,58,27,9,4.0
34775,0,77,121,31,5.0
34534,4,81,136,23,4.0
7098,0,93,178,17,4.0
38495,0,42,173,36,6.0
38858,0,59,38,7,3.0
26700,0,60,120,13,6.0
12702,0,82,345,35,3.0
18364,0,1,142,6,4.0
28623,0,44,141,40,6.0
12254,0,79,156,16,5.0
40111,0,49,23,18,4.0
3465,0,40,347,10,3.0
13900,0,65,327,6,3.0
36851,0,88,51,6,3.0
34219,0,83,177,25,4.0
7649,4,1,268,16,4.0
22984,0,47,134,53,5.0
1544,0,66,20,14,3.0
12472,1,93,190,14,3.0
32894,0,72,332,14,4.0
28571,0,4,314,29,6.0
18951,0,58,153,9,5.0
5133,0,56,3,18,4.0
18248,0,67,19,13,5.0
27332,0,1,108,24,5.0
25371,0,72,201,8,4.0
21685,0,26,294,31,7.0
40820,0,95,188,14,3.0
22047,0,38,306,89,6.0
28712,0,60,19,16,2.0
24073,0,46,81,9,3.0
30913,0,46,354,12,3.0
34406,0,78,29,9,3.0
5917,0,30,107,81,5.0
17164,0,70,350,34,5.0
34737,0,80,76,13,3.0
36854,0,72,31,8,3.0
34803,0,48,25,22,3.0
18121,3,1,314,7,3.0
21535,0,51,349,15,3.0
33262,2,91,178,30,4.0
14044,0,56,38,18,2.0
28298,0,59,38,18,4.0
5382,0,34,31,15,4.0
4677,0,73,27,23,3.0
26126,0,78,188,16,5.0
23307,0,89,330,10,3.0
28613,0,36,50,11,3.0
28675,0,76,164,5,4.0
23503,0,68,308,7,3.0
40951,0,83,12,6,3.0
19059,0,95,346,14,4.0
5556,0,68,10,11,3.0
20920,0,57,153,29,5.0
11231,1,1,122,14,3.0
7266,0,95,158,13,4.0
37704,0,42,172,28,5.0
33283,0,77,194,18,5.0
25696,0,77,159,39,5.0
35383,0,80,40,9,4.0
9170,8,1,90,8,3.0
16191,0,31,167,19,6.0
28789,0,31,133,40,5.0
37134,0,53,38,10,4.0
27742,0,1,287,5,4.0
7410,0,53,276,24,6.0
23294,0,56,194,12,6.0
4230,0,40,43,7,4.0
15435,0,53,41,15,3.0
33131,0,1,122,26,3.0
4685,0,59,147,40,6.0
36593,0,64,181,23,5.0
40099,0,37,144,46,7.0
23925,0,1,110,36,3.0
17196,0,68,179,43,5.0
6841,47,94,257,13,4.0
32593,0,48,58,8,4.0
15140,0,43,153,14,5.0
22013,0,46,308,34,4.0
12368,0,68,163,32,5.0
15143,0,46,129,48,5.0
10223,5,1,177,13,3.0
33145,0,1,173,12,3.0
3244,0,26,120,69,5.0
35382,0,87,4,6,3.0
18070,2,1,231,8,3.0
32238,0,65,334,10,3.0
6171,0,95,126,5,3.0
22189,0,53,333,11,4.0
35488,0,1,126,7,3.0
9127,0,66,11,52,3.0
7504,0,79,154,27,5.0
39684,0,53,356,19,3.0
557,0,83,353,8,5.0
20437,0,31,205,12,7.0
9559,0,70,343,17,3.0
37037,0,58,338,13,4.0
3842,0,66,169,33,5.0
825,0,68,346,35,4.0
33677,2,87,19,6,3.0
30114,0,28,164,37,6.0
25458,0,47,124,39,7.0
1595,0,78,11,6,3.0
4986,0,29,4,7,4.0
21777,0,45,201,58,3.0
15964,0,26,353,13,3.0
11588,9,1,187,12,3.0
30303,0,19,175,36,6.0
15797,0,84,224,7,3.0
11639,0,1,201,11,4.0
18447,0,78,172,28,6.0
28,0,91,326,12,4.0
15772,0,83,97,7,4.0
14610,0,75,340,10,3.0
33418,0,71,9,7,3.0
34826,0,89,335,14,3.0
5724,0,17,182,24,6.0
39157,0,37,298,34,3.0
22876,0,49,47,9,3.0
38538,0,37,182,31,5.0
16270,2,1,173,12,3.0
8073,0,75,4,22,4.0
18876,0,64,22,10,3.0
23620,0,65,280,7,4.0
26017,2,1,302,9,3.0
12452,0,87,10,9,3.0
6203,2,1,194,7,3.0
5818,0,8,150,29,5.0
20700,0,25,284,41,8.0
21422,0,18,113,69,8.0
13700,0,56,224,30,4.0
16000,0,27,167,39,5.0
26906,0,67,353,7,3.0
24873,0,69,347,11,4.0
10287,0,55,162,7,6.0
88,0,1,200,6,4.0
28297,0,65,22,4,4.0
9588,0,54,27,17,3.0
8733,0,72,114,55,4.0
23313,0,75,352,18,3.0
5750,0,15,115,52,6.0
36750,0,94,310,9,2.0
19885,0,61,156,13,5.0
37989,0,31,153,38,6.0
27750,0,62,3,8,4.0
10611,38,95,321,18,4.0
24983,2,94,1,96,4.0
33927,0,1,180,8,2.0
1610,0,84,336,22,3.0
33151,0,95,200,18,4.0
756,0,73,122,38,6.0
18294,0,75,44,4,4.0
2109,0,54,309,36,4.0
40156,0,60,293,7,4.0
22614,0,92,126,7,3.0
8438,0,65,143,7,4.0
40004,0,53,167,31,5.0
19990,0,82,354,9,4.0
18462,2,1,204,10,4.0
7193,0,72,175,8,5.0
22221,0,46,123,55,5.0
40696,0,44,130,42,7.0
34665,0,75,65,12,4.0
19456,0,77,182,18,6.0
16626,0,59,120,72,6.0
13633,0,80,16,10,3.0
18143,15,1,301,23,3.0
32070,0,33,40,10,3.0
39416,0,50,48,17,4.0
35385,0,81,22,5,3.0
12325,0,91,158,11,4.0
16730,0,95,297,17,3.0
13007,0,58,314,39,4.0
25543,0,69,359,6,4.0
39524,0,38,130,44,6.0
39670,0,59,187,24,5.0
23863,0,84,312,8,3.0
24702,0,62,25,10,4.0
36686,0,57,18,10,3.0
13006,0,80,326,39,4.0
34034,2,92,1,96,3.0
28706,0,60,337,14,3.0
24662,0,80,214,12,5.0
28450,0,50,327,14,4.0
30390,0,45,41,10,4.0
17291,0,75,251,5,4.0
8228,0,73,148,38,5.0
7788,19,1,303,5,3.0
27036,2,83,192,10,4.0
8428,0,64,116,8,4.0
39312,0,43,182,31,5.0
18657,0,79,10,10,4.0
29814,0,44,356,19,3.0
29801,0,37,120,47,6.0
32382,0,23,21,15,3.0
33533,0,91,109,11,3.0
31531,0,89,177,5,3.0
29475,0,32,58,7,4.0
25376,0,71,38,7,4.0
5817,0,96,244,8,4.0
29024,0,40,342,40,4.0
40608,0,91,40,13,4.0
11241,0,1,62,5,3.0
1804,0,47,54,26,5.0
8676,0,86,73,8,2.0
29172,0,13,262,13,7.0
10507,0,73,134,41,6.0
25943,0,90,258,6,3.0
34686,0,68,351,18,4.0
11654,0,84,197,7,5.0
12704,0,73,352,8,4.0
25425,0,78,337,14,4.0
15579,0,89,332,22,3.0
5226,0,47,15,13,3.0
3964,0,36,68,6,4.0
18830,0,81,170,25,5.0
35530,0,89,330,15,2.0
39223,0,62,346,7,3.0
17337,16,1,343,9,3.0
20441,0,38,198,28,5.0
8028,0,71,56,12,4.0
13755,0,50,29,22,3.0
8061,0,65,169,19,6.0
106,0,82,115,48,5.0
2010,0,27,118,52,6.0
10292,0,82,182,18,4.0
27662,0,61,178,32,5.0
29142,0,46,318,9,4.0
14382,0,47,201,11,3.0
20320,0,38,173,33,8.0
6261,0,1,63,8,2.0
7199,0,83,158,16,5.0
19839,0,78,194,17,5.0
18738,0,73,169,38,6.0
35429,2,1,104,17,3.0
25674,2,84,180,22,5.0
37616,0,38,42,11,3.0
9013,0,94,28,10,3.0
6799,1,1,7,7,3.0
7208,0,1,174,12,3.0
1998,0,45,355,15,4.0
25928,0,66,43,13,3.0
28544,0,47,7,34,5.0
21353,0,32,154,34,5.0
1383,0,57,126,47,6.0
14445,0,54,315,6,2.0
37836,0,62,22,9,2.0
19289,0,84,141,33,6.0
32460,0,38,178,28,6.0
34759,0,72,332,10,4.0
27457,0,70,355,10,4.0
23718,0,86,71,9,3.0
5547,0,71,72,6,4.0
9771,0,56,347,17,2.0
4309,0,39,81,11,3.0
11251,0,1,117,27,3.0
20200,0,45,136,46,6.0
33231,0,83,112,5,3.0
16315,0,82,111,42,5.0
28091,0,53,12,13,5.0
33933,0,1,160,12,2.0
10973,0,92,5,17,3.0
1991,0,60,8,8,4.0
14126,0,38,161,39,6.0
19083,0,92,334,17,4.0
33770,0,83,184,7,2.0
19541,0,61,352,25,5.0
15621,0,71,144,30,5.0
37418,0,81,343,6,3.0
18500,0,1,163,22,4.0
14529,0,48,161,19,5.0
20988,0,30,163,27,7.0
15432,0,39,161,32,5.0
3231,0,47,330,18,3.0
36329,0,48,246,14,7.0
5094,0,36,180,34,5.0
13802,0,49,17,13,3.0
40477,0,71,194,9,4.0
23816,0,88,223,6,3.0
16176,0,90,316,13,3.0
2656,0,28,23,15,3.0
29883,0,21,20,19,4.0
23961,0,1,333,11,2.0
25694,0,84,172,24,5.0
33316,0,1,246,11,3.0
25123,0,47,123,45,6.0
29499,0,33,45,11,3.0
30654,0,64,355,10,3.0
34683,2,80,343,27,4.0
13983,0,49,164,34,5.0
19242,0,75,170,25,6.0
20178,0,47,137,40,6.0
33963,18,92,1,96,2.0
24976,0,71,143,36,6.0
40814,0,73,207,15,5.0
24404,0,95,147,22,3.0
