fecha,precio,volumen
01/01/17,1.88,32
02/01/17,1.79,51
03/01/17,1.94,354
04/01/17,1.93,310
05/01/17,1.79,314
06/01/17,1.74,189
07/01/17,1.73,295
08/01/17,1.82,182
09/01/17,1.92,30
10/01/17,1.96,341
11/01/17,1.94,215
12/01/17,1.96,261
13/01/17,1.97,234
14/01/17,2.11,212
15/01/17,2.13,197
16/01/17,2.16,35
17/01/17,2.23,326
18/01/17,2.14,222
19/01/17,2.11,250
20/01/17,2.11,233
21/01/17,2.16,212
22/01/17,2.24,190
23/01/17,2.31,36
24/01/17,2.48,269
25/01/17,2.34,247
26/01/17,2.35,220
27/01/17,2.11,277
28/01/17,2.11,203
29/01/17,2.13,265
30/01/17,2.16,36
31/01/17,2.11,329
01/02/17,2.11,240
02/02/17,2.11,292
03/02/17,2.16,226
04/02/17,2.3,230
05/02/17,2.41,166
06/02/17,2.53,79
07/02/17,2.53,396
08/02/17,2.48,219
09/02/17,2.53,224
10/02/17,2.5,366
11/02/17,2.69,242
12/02/17,2.68,176
13/02/17,2.67,61
14/02/17,2.69,407
15/02/17,2.71,246
16/02/17,2.71,148
17/02/17,2.53,365
18/02/17,2.48,259
19/02/17,2.48,199
20/02/17,2.48,95
21/02/17,2.53,389
22/02/17,2.5,277
23/02/17,2.29,252
24/02/17,2.16,282
25/02/17,2.31,251
26/02/17,2.22,171
27/02/17,2.13,93
28/02/17,2.29,248
01/03/17,2.31,184
02/03/17,2.5,178
03/03/17,2.69,281
04/03/17,2.87,260
05/03/17,2.87,191
06/03/17,2.87,63
07/03/17,3.06,354
08/03/17,3.06,172
09/03/17,3.06,312
10/03/17,2.87,223
11/03/17,2.87,241
12/03/17,2.96,157
13/03/17,3.06,73
14/03/17,3.24,266
15/03/17,3.24,232
16/03/17,3.43,217
17/03/17,3.61,180
18/03/17,3.43,306
19/03/17,3.52,125
20/03/17,3.61,114
21/03/17,3.61,387
22/03/17,3.43,351
23/03/17,3.43,301
24/03/17,3.43,255
25/03/17,3.4,278
26/03/17,3.24,151
27/03/17,3.24,104
28/03/17,3.06,463
29/03/17,2.87,222
30/03/17,2.87,168
31/03/17,2.69,271
01/04/17,2.5,394
02/04/17,2.31,172
03/04/17,2.31,134
04/04/17,2.29,460
05/04/17,2.16,248
06/04/17,2.11,264
07/04/17,1.97,279
08/04/17,1.93,352
09/04/17,2.13,211
10/04/17,2.11,88
11/04/17,2.16,368
12/04/17,2.13,297
13/04/17,2.11,337
14/04/17,2.13,144
15/04/17,1.94,225
16/04/17,1.85,310
17/04/17,1.76,251
18/04/17,1.74,407
19/04/17,1.74,197
20/04/17,1.79,185
21/04/17,1.76,213
22/04/17,1.94,221
23/04/17,1.93,113
24/04/17,1.92,61
25/04/17,2.13,325
26/04/17,2.16,287
27/04/17,2.31,324
28/04/17,2.34,334
29/04/17,2.34,267
30/04/17,2.33,178
01/05/17,2.31,72
02/05/17,2.5,270
03/05/17,2.69,202
04/05/17,2.5,313
05/05/17,2.53,295
06/05/17,2.48,231
07/05/17,2.57,183
08/05/17,2.66,119
09/05/17,2.69,296
10/05/17,2.7,165
11/05/17,2.53,298
12/05/17,2.66,232
13/05/17,2.5,369
14/05/17,2.59,209
15/05/17,2.69,36
16/05/17,2.7,307
17/05/17,2.66,179
18/05/17,2.66,317
19/05/17,2.29,453
20/05/17,1.94,246
21/05/17,1.85,121
22/05/17,1.76,64
23/05/17,1.94,311
24/05/17,1.94,167
25/05/17,1.97,234
26/05/17,1.76,259
27/05/17,1.74,251
28/05/17,1.76,123
29/05/17,1.79,50
30/05/17,1.92,345
31/05/17,1.79,165
01/06/17,1.74,250
02/06/17,1.77,271
03/06/17,1.77,396
04/06/17,1.75,216
05/06/17,1.74,74
06/06/17,1.79,365
07/06/17,1.76,126
08/06/17,1.74,274
09/06/17,1.79,352
10/06/17,1.79,294
11/06/17,1.76,109
12/06/17,1.74,31
13/06/17,1.92,312
14/06/17,1.94,226
15/06/17,1.93,334
16/06/17,1.92,289
17/06/17,1.93,225
18/06/17,1.95,149
19/06/17,1.97,70
20/06/17,2.11,252
21/06/17,1.94,179
22/06/17,1.93,298
23/06/17,1.92,312
24/06/17,1.92,224
25/06/17,1.94,133
26/06/17,1.96,20
27/06/17,2.09,263
28/06/17,1.98,144
29/06/17,2.09,263
30/06/17,1.99,318
01/07/17,1.83,302
02/07/17,1.88,149
03/07/17,1.94,78
04/07/17,1.96,284
05/07/17,1.93,217
06/07/17,1.97,220
07/07/17,1.97,346
08/07/17,1.93,284
09/07/17,1.84,95
10/07/17,1.76,79
11/07/17,1.79,327
12/07/17,1.74,184
13/07/17,1.74,281
14/07/17,1.74,290
15/07/17,1.74,211
16/07/17,1.74,185
17/07/17,1.74,70
18/07/17,1.92,308
19/07/17,1.92,105
20/07/17,1.79,203
21/07/17,2.09,263
22/07/17,2.11,242
23/07/17,2.11,141
24/07/17,2.11,81
25/07/17,2.13,426
26/07/17,1.97,192
27/07/17,1.94,291
28/07/17,1.92,223
29/07/17,1.94,122
30/07/17,1.94,69
31/07/17,1.93,77
01/08/17,1.94,263
02/08/17,1.94,272
03/08/17,1.79,353
04/08/17,1.79,255
05/08/17,1.76,284
06/08/17,1.68,157
07/08/17,1.6,101
08/08/17,1.74,317
09/08/17,1.62,183
10/08/17,1.6,287
11/08/17,1.6,243
12/08/17,1.72,254
13/08/17,1.67,105
14/08/17,1.62,91
15/08/17,1.6,301
16/08/17,1.56,167
17/08/17,1.57,299
18/08/17,1.6,235
19/08/17,1.62,263
20/08/17,1.67,139
21/08/17,1.72,54
22/08/17,1.77,366
23/08/17,1.74,221
24/08/17,1.6,222
25/08/17,1.6,291
26/08/17,1.61,235
27/08/17,1.58,151
28/08/17,1.56,108
29/08/17,1.53,333
30/08/17,1.57,149
31/08/17,1.56,267
01/09/17,1.42,269
02/09/17,1.37,229
03/09/17,1.38,146
04/09/17,1.39,72
05/09/17,1.42,355
06/09/17,1.39,206
07/09/17,1.37,309
08/09/17,1.36,338
09/09/17,1.24,284
10/09/17,1.41,123
11/09/17,1.57,100
12/09/17,1.57,292
13/09/17,1.42,127
14/09/17,1.42,251
15/09/17,1.39,218
16/09/17,1.42,307
17/09/17,1.42,95
18/09/17,1.42,55
19/09/17,1.57,271
20/09/17,1.77,173
21/09/17,1.76,238
22/09/17,1.94,230
23/09/17,1.76,273
24/09/17,1.94,109
25/09/17,2.13,77
26/09/17,2.11,236
27/09/17,2.05,179
28/09/17,1.93,284
29/09/17,1.94,184
30/09/17,2.13,258
01/10/17,2.04,137
02/10/17,1.94,34
03/10/17,2.31,244
04/10/17,2.31,149
05/10/17,2.34,306
06/10/17,2.3,300
07/10/17,2.31,259
08/10/17,2.22,180
09/10/17,2.13,104
10/10/17,2.06,238
11/10/17,2.11,175
12/10/17,2.14,277
13/10/17,1.97,276
14/10/17,1.76,206
15/10/17,1.77,133
16/10/17,1.79,62
17/10/17,1.92,285
18/10/17,1.9,197
19/10/17,1.94,325
20/10/17,1.93,325
21/10/17,1.79,311
22/10/17,1.76,48
23/10/17,1.74,73
24/10/17,1.74,297
25/10/17,1.71,183
26/10/17,1.92,321
27/10/17,1.94,241
28/10/17,1.97,252
29/10/17,1.96,203
30/10/17,1.94,79
31/10/17,1.97,235
01/11/17,1.93,222
02/11/17,1.93,242
03/11/17,1.81,257
04/11/17,1.76,236
05/11/17,1.75,181
06/11/17,1.74,37
07/11/17,1.93,262
08/11/17,1.93,191
09/11/17,1.79,245
10/11/17,1.74,239
11/11/17,1.76,172
12/11/17,1.77,161
13/11/17,1.79,51
14/11/17,1.94,290
15/11/17,1.97,221
16/11/17,1.79,247
17/11/17,1.79,315
18/11/17,1.79,280
19/11/17,1.76,160
20/11/17,1.74,23
21/11/17,1.92,343
22/11/17,1.94,247
23/11/17,1.79,255
24/11/17,1.74,304
25/11/17,1.74,319
26/11/17,1.75,215
27/11/17,1.77,79
28/11/17,1.57,397
29/11/17,1.42,287
30/11/17,1.23,248
01/12/17,1.2,266
02/12/17,1.05,262
03/12/17,1.03,154
04/12/17,1.02,132
05/12/17,1.18,387
06/12/17,1.17,274
07/12/17,1.05,271
08/12/17,1.02,279
09/12/17,1,356
10/12/17,0.99,231
11/12/17,0.97,65
12/12/17,0.88,358
13/12/17,0.88,264
14/12/17,0.97,264
15/12/17,0.88,315
16/12/17,0.85,281
17/12/17,0.87,183
18/12/17,0.88,76
19/12/17,0.97,428
20/12/17,0.97,263
21/12/17,1.02,333
22/12/17,0.98,213
23/12/17,0.98,250
24/12/17,0.99,164
25/12/17,1,...
26/12/17,1.02,177
27/12/17,1.05,331
28/12/17,0.98,415
29/12/17,0.87,299
30/12/17,0.83,374
31/12/17,0.84,201
01/01/18,0.85,...
02/01/18,0.87,43
03/01/18,0.83,219
04/01/18,0.83,287
05/01/18,1,260
06/01/18,1,291
07/01/18,1.01,271
08/01/18,1.02,122
09/01/18,1.05,401
10/01/18,1,350
11/01/18,1,260
12/01/18,1.05,250
13/01/18,1.18,246
14/01/18,1.18,265
15/01/18,1.18,53
16/01/18,1.21,361
17/01/18,1.18,306
18/01/18,1.2,264
19/01/18,1.02,289
20/01/18,1.05,298
21/01/18,1.11,233
22/01/18,1.18,110
23/01/18,1.19,312
24/01/18,1.19,241
25/01/18,1.05,270
26/01/18,1.05,254
27/01/18,1.05,255
28/01/18,1.02,141
29/01/18,1,68
30/01/18,1.05,386
31/01/18,1.18,273
01/02/18,1.18,252
02/02/18,1.2,210
03/02/18,1.19,256
04/02/18,1.19,195
05/02/18,1.19,50
06/02/18,1.2,353
07/02/18,1.2,196
08/02/18,1.19,267
09/02/18,1.19,257
10/02/18,1.21,259
11/02/18,1.22,195
12/02/18,1.23,110
13/02/18,1.35,382
14/02/18,1.19,281
15/02/18,1.23,314
16/02/18,1.19,267
17/02/18,1.2,283
18/02/18,1.22,195
19/02/18,1.23,78
20/02/18,1.25,409
21/02/18,1.19,235
22/02/18,1.23,225
23/02/18,1.25,262
24/02/18,1.25,227
25/02/18,1.6,215
26/02/18,1.94,88
27/02/18,1.99,337
28/02/18,1.93,202
01/03/18,1.79,340
02/03/18,1.6,312
03/03/18,1.56,209
04/03/18,1.74,180
05/03/18,1.93,84
06/03/18,1.94,399
07/03/18,1.76,249
08/03/18,1.79,237
09/03/18,1.76,241
10/03/18,1.79,231
11/03/18,1.86,166
12/03/18,1.93,106
13/03/18,1.97,427
14/03/18,1.93,181
15/03/18,1.94,296
16/03/18,1.94,324
17/03/18,1.93,254
18/03/18,1.94,161
19/03/18,1.94,116
20/03/18,1.93,390
21/03/18,1.92,236
22/03/18,1.74,264
23/03/18,1.92,322
24/03/18,1.92,308
25/03/18,1.84,200
26/03/18,1.76,101
27/03/18,1.79,357
28/03/18,1.74,203
29/03/18,1.76,287
30/03/18,1.72,138
31/03/18,1.79,261
01/04/18,1.79,266
02/04/18,1.79,203
03/04/18,1.74,411
04/04/18,1.71,175
05/04/18,1.79,261
06/04/18,1.79,271
07/04/18,1.74,321
08/04/18,1.76,152
09/04/18,1.79,62
10/04/18,1.76,352
11/04/18,1.79,229
12/04/18,1.81,306
13/04/18,1.92,253
14/04/18,1.92,351
15/04/18,1.93,210
16/04/18,1.94,73
17/04/18,1.79,334
18/04/18,1.76,313
19/04/18,1.79,298
20/04/18,1.76,284
21/04/18,1.74,192
22/04/18,1.94,74
23/04/18,2.13,32
24/04/18,2.29,365
25/04/18,2.27,173
26/04/18,2.11,315
27/04/18,1.99,324
28/04/18,1.99,298
29/04/18,1.88,225
30/04/18,1.76,143
01/05/18,1.79,364
02/05/18,1.74,268
03/05/18,1.74,237
04/05/18,1.76,252
05/05/18,1.6,276
06/05/18,1.69,214
07/05/18,1.79,102
08/05/18,1.74,340
09/05/18,1.71,190
10/05/18,1.92,280
11/05/18,1.92,220
12/05/18,1.79,278
13/05/18,1.88,137
14/05/18,1.97,72
15/05/18,2.09,286
16/05/18,1.99,244
17/05/18,1.93,282
18/05/18,1.9,300
19/05/18,1.93,267
20/05/18,1.94,220
21/05/18,1.94,59
22/05/18,1.97,306
23/05/18,2.13,191
24/05/18,2.16,224
25/05/18,2.16,260
26/05/18,2.16,271
27/05/18,2.17,103
28/05/18,2.18,79
29/05/18,1.94,377
30/05/18,1.76,235
31/05/18,1.79,323
01/06/18,1.74,219
02/06/18,1.71,220
03/06/18,1.71,174
04/06/18,1.71,105
05/06/18,1.9,301
06/06/18,1.9,201
07/06/18,1.79,356
08/06/18,1.74,373
09/06/18,1.74,201
10/06/18,1.66,127
11/06/18,1.57,95
12/06/18,1.55,278
13/06/18,1.55,199
14/06/18,1.6,273
15/06/18,1.62,281
16/06/18,1.57,244
17/06/18,1.57,118
18/06/18,1.57,95
19/06/18,1.53,285
20/06/18,1.53,148
21/06/18,1.57,358
22/06/18,1.44,232
23/06/18,1.44,219
24/06/18,1.6,129
25/06/18,1.76,103
26/06/18,1.74,279
27/06/18,1.74,97
28/06/18,1.93,310
29/06/18,1.94,259
30/06/18,1.93,225
01/07/18,2.11,108
02/07/18,2.3,85
03/07/18,2.34,304
04/07/18,2.36,183
05/07/18,2.3,345
06/07/18,2.3,264
07/07/18,2.27,153
08/07/18,2.22,106
09/07/18,2.18,52
10/07/18,2.3,310
11/07/18,2.34,120
12/07/18,2.3,248
13/07/18,2.3,229
14/07/18,2.31,177
15/07/18,2.4,132
16/07/18,2.48,85
17/07/18,2.53,302
18/07/18,2.5,205
19/07/18,2.48,254
20/07/18,2.34,313
21/07/18,2.31,147
22/07/18,2.4,120
23/07/18,2.48,54
24/07/18,2.53,271
25/07/18,2.48,198
26/07/18,2.48,230
27/07/18,2.36,308
28/07/18,2.3,177
29/07/18,2.4,65
30/07/18,2.5,69
31/07/18,2.31,263
01/08/18,2.3,177
02/08/18,2.34,247
03/08/18,2.48,252
04/08/18,2.48,222
05/08/18,2.49,154
06/08/18,2.5,53
07/08/18,2.66,262
08/08/18,2.69,143
09/08/18,2.82,248
10/08/18,2.69,303
11/08/18,2.67,246
12/08/18,2.69,157
13/08/18,2.71,125
14/08/18,2.53,284
15/08/18,2.48,188
16/08/18,2.5,193
17/08/18,2.31,237
18/08/18,2.29,292
19/08/18,2.28,204
20/08/18,2.27,104
21/08/18,2.3,232
22/08/18,2.31,128
23/08/18,2.34,343
24/08/18,2.3,313
25/08/18,2.31,129
26/08/18,2.31,126
27/08/18,2.31,98
28/08/18,1.76,359
29/08/18,1.71,177
30/08/18,1.76,139
31/08/18,1.94,102
01/09/18,1.76,285
02/09/18,1.85,199
03/09/18,1.94,84
04/09/18,1.94,250
05/09/18,2.13,134
06/09/18,2.5,295
07/09/18,2.69,309
08/09/18,2.69,262
09/09/18,2.55,196
10/09/18,2.41,72
11/09/18,2.59,266
12/09/18,2.78,145
13/09/18,2.82,230
14/09/18,3.06,280
15/09/18,3.01,243
16/09/18,2.94,173
17/09/18,2.87,45
18/09/18,2.82,268
19/09/18,2.73,196
20/09/18,2.69,366
21/09/18,2.41,301
22/09/18,2.41,264
23/09/18,2.5,174
24/09/18,2.59,52
25/09/18,2.45,306
26/09/18,2.36,217
27/09/18,2.36,239
28/09/18,2.41,281
29/09/18,2.41,256
30/09/18,2.41,194
01/10/18,2.41,37
02/10/18,2.5,306
03/10/18,2.55,228
04/10/18,2.36,287
05/10/18,2.45,369
06/10/18,2.45,236
07/10/18,2.41,134
08/10/18,2.36,17
09/10/18,2.64,290
10/10/18,2.41,319
11/10/18,2.45,332
12/10/18,2.08,303
13/10/18,1.94,243
14/10/18,1.94,202
15/10/18,1.93,62
16/10/18,2.2,360
17/10/18,2.2,290
18/10/18,2.11,269
19/10/18,1.99,305
20/10/18,1.85,272
21/10/18,1.92,161
22/10/18,1.99,61
23/10/18,2.31,365
24/10/18,2.13,215
25/10/18,2.31,280
26/10/18,2.31,301
27/10/18,2.27,252
28/10/18,2.18,274
29/10/18,2.08,89
30/10/18,2.08,266
31/10/18,2.27,255
01/11/18,2.22,237
02/11/18,2.27,377
03/11/18,2.08,321
04/11/18,2.29,262
05/11/18,2.5,91
06/11/18,2.5,342
07/11/18,2.34,234
08/11/18,2.13,290
09/11/18,2.31,268
10/11/18,2.08,360
11/11/18,2.06,259
12/11/18,2.04,106
13/11/18,1.94,386
14/11/18,2.11,261
15/11/18,1.94,251
16/11/18,1.85,269
17/11/18,1.85,276
18/11/18,1.9,218
19/11/18,1.94,64
20/11/18,2.04,388
21/11/18,1.94,231
22/11/18,2.05,269
23/11/18,2.05,322
24/11/18,1.85,342
25/11/18,1.85,258
26/11/18,1.85,113
27/11/18,1.93,434
28/11/18,1.76,281
29/11/18,1.76,339
30/11/18,1.57,308
01/12/18,1.57,356
02/12/18,1.57,181
03/12/18,1.57,89
04/12/18,1.76,393
05/12/18,1.67,370
06/12/18,1.57,370
07/12/18,1.57,334
08/12/18,1.57,368
09/12/18,1.55,273
10/12/18,1.53,48
11/12/18,1.39,434
12/12/18,1.39,376
13/12/18,1.39,274
14/12/18,1.2,275
15/12/18,1.2,298
16/12/18,1.19,215
17/12/18,1.19,32
18/12/18,1.23,359
19/12/18,1.23,318
20/12/18,1.16,295
21/12/18,1.34,269
22/12/18,1.53,224
23/12/18,1.55,291
24/12/18,1.57,193
25/12/18,1.5,...
26/12/18,1.44,31
27/12/18,1.44,309
28/12/18,1.53,394
29/12/18,1.39,123
30/12/18,1.39,...
31/12/18,1.39,237
01/01/19,1.3,...
02/01/19,1.2,124
03/01/19,1.2,367
04/01/19,1.25,343
05/01/19,1.25,350
06/01/19,1.2,302
07/01/19,1.16,125
08/01/19,1.2,420
09/01/19,1.2,325
10/01/19,1.2,309
11/01/19,1.19,208
12/01/19,1.16,387
13/01/19,1.17,231
14/01/19,1.18,43
15/01/19,1.19,319
16/01/19,1.29,210
17/01/19,1.37,306
18/01/19,1.39,238
19/01/19,1.37,304
20/01/19,1.43,248
21/01/19,1.48,68
22/01/19,1.48,383
23/01/19,1.48,236
24/01/19,1.53,245
25/01/19,1.57,240
26/01/19,1.57,252
27/01/19,1.85,178
28/01/19,2.13,76
29/01/19,2.31,397
30/01/19,2.13,218
31/01/19,2.22,308
01/02/19,2.22,310
02/02/19,1.94,300
03/02/19,2.04,208
04/02/19,2.13,69
05/02/19,2.11,436
06/02/19,2.13,268
07/02/19,2.11,248
08/02/19,2.13,317
09/02/19,2.13,280
10/02/19,2.2,246
11/02/19,2.27,129
12/02/19,2.31,448
13/02/19,2.31,271
14/02/19,1.94,139
15/02/19,1.94,303
16/02/19,1.94,233
17/02/19,1.85,220
18/02/19,1.76,127
19/02/19,2.13,380
20/02/19,1.94,244
21/02/19,1.76,238
22/02/19,1.76,347
23/02/19,1.71,308
24/02/19,1.71,252
25/02/19,1.71,93
26/02/19,1.9,396
27/02/19,1.57,328
28/02/19,1.57,337
01/03/19,1.39,363
02/03/19,1.57,215
03/03/19,1.57,227
04/03/19,1.57,103
05/03/19,1.39,361
06/03/19,1.48,218
07/03/19,1.71,240
08/03/19,1.76,261
09/03/19,1.76,306
10/03/19,1.76,247
11/03/19,1.76,89
12/03/19,1.94,353
13/03/19,1.9,246
14/03/19,1.94,250
15/03/19,1.94,246
16/03/19,1.94,302
17/03/19,1.85,315
18/03/19,1.76,111
19/03/19,1.94,384
20/03/19,1.57,289
21/03/19,1.57,328
22/03/19,1.76,351
23/03/19,1.57,314
24/03/19,1.67,235
25/03/19,1.76,90
26/03/19,1.94,333
27/03/19,1.94,312
28/03/19,1.94,296
29/03/19,1.9,313
30/03/19,1.94,341
31/03/19,1.76,278
01/04/19,1.57,157
02/04/19,1.6,461
03/04/19,1.56,272
04/04/19,1.57,342
05/04/19,1.53,419
06/04/19,1.57,66
07/04/19,1.57,48
08/04/19,1.57,85
09/04/19,1.44,479
10/04/19,1.56,259
11/04/19,1.57,231
12/04/19,1.57,317
13/04/19,1.53,34
14/04/19,1.74,178
15/04/19,1.94,118
16/04/19,1.76,397
17/04/19,1.76,388
18/04/19,1.57,127
19/04/19,1.57,57
20/04/19,1.76,42
21/04/19,1.67,9
22/04/19,1.57,149
23/04/19,1.57,472
24/04/19,1.56,295
25/04/19,1.2,281
26/04/19,1.2,280
27/04/19,1.39,376
28/04/19,1.3,320
29/04/19,1.2,167
30/04/19,1.02,390
01/05/19,1.02,253
02/05/19,0.83,237
03/05/19,0.88,293
04/05/19,0.83,249
05/05/19,0.83,187
06/05/19,0.83,79
07/05/19,1.02,382
08/05/19,0.97,286
09/05/19,1.2,320
10/05/19,1.16,291
11/05/19,1.2,255
12/05/19,1.16,106
13/05/19,1.11,21
14/05/19,1.19,341
15/05/19,1.2,251
16/05/19,1.23,301
17/05/19,1.2,278
18/05/19,1.19,325
19/05/19,1.19,175
20/05/19,1.2,108
21/05/19,1.2,372
22/05/19,1.23,214
23/05/19,1.02,291
24/05/19,1.05,278
25/05/19,1.39,221
26/05/19,1.39,223
27/05/19,1.39,159
28/05/19,1.2,323
29/05/19,1.16,268
30/05/19,1.19,269
31/05/19,1.2,355
01/06/19,1.2,127
02/06/19,1.19,60
03/06/19,1.19,56
04/06/19,1.2,418
05/06/19,1.18,161
06/06/19,1.37,242
07/06/19,1.39,330
08/06/19,1.33,351
09/06/19,1.27,272
10/06/19,1.2,140
11/06/19,1.31,351
12/06/19,1.34,212
13/06/19,1.06,355
14/06/19,1.16,334
15/06/19,1.05,339
16/06/19,1.03,180
17/06/19,1.02,37
18/06/19,1.05,288
19/06/19,1.18,258
20/06/19,1.16,406
21/06/19,1.12,358
22/06/19,1.05,273
23/06/19,1.03,214
24/06/19,1.02,63
25/06/19,1.05,399
26/06/19,1.02,203
27/06/19,1,308
28/06/19,1.05,249
29/06/19,1,278
30/06/19,1,141
01/07/19,1,68
02/07/19,1.2,367
03/07/19,1.31,221
04/07/19,1.37,378
05/07/19,1.31,415
06/07/19,1.23,159
07/07/19,1.22,95
08/07/19,1.21,37
09/07/19,1.23,333
10/07/19,1.23,183
11/07/19,1.23,393
12/07/19,1.23,309
13/07/19,1.19,227
14/07/19,1.19,116
15/07/19,1.2,71
16/07/19,1.2,420
17/07/19,1.19,349
18/07/19,1.2,301
19/07/19,1.25,296
20/07/19,1.22,280
21/07/19,1.21,174
22/07/19,1.2,62
23/07/19,1.2,338
24/07/19,1.2,211
25/07/19,1.23,381
26/07/19,1.2,378
27/07/19,1.2,258
28/07/19,1.25,115
29/07/19,1.29,33
30/07/19,1.33,341
31/07/19,1.2,166
01/08/19,1.2,362
02/08/19,1.23,276
03/08/19,1.19,251
04/08/19,1.19,175
05/08/19,1.2,72
06/08/19,1.31,304
07/08/19,1.2,141
08/08/19,1.39,304
09/08/19,1.37,301
10/08/19,1.2,319
11/08/19,1.13,188
12/08/19,1.05,189
13/08/19,1.02,354
14/08/19,1.02,184
15/08/19,1.2,280
16/08/19,1.39,369
17/08/19,1.34,271
18/08/19,1.27,198
19/08/19,1.2,128
20/08/19,1.33,371
21/08/19,1.37,143
22/08/19,1.39,282
23/08/19,1.37,380
24/08/19,1.37,370
25/08/19,1.36,204
26/08/19,1.34,115
27/08/19,1.2,263
28/08/19,1.31,280
29/08/19,1.39,371
30/08/19,1.39,343
31/08/19,1.37,197
01/09/19,1.22,130
02/09/19,1.06,87
03/09/19,1.02,290
04/09/19,1.05,259
05/09/19,1.12,343
06/09/19,1.06,417
07/09/19,1.02,332
08/09/19,0.98,241
09/09/19,0.94,86
10/09/19,1.02,246
11/09/19,1.02,159
12/09/19,1.18,211
13/09/19,1.2,296
14/09/19,1.2,251
15/09/19,1.3,222
16/09/19,1.39,73
17/09/19,1.57,353
18/09/19,1.39,197
19/09/19,1.57,426
20/09/19,1.39,326
21/09/19,1.39,275
22/09/19,1.48,134
23/09/19,1.57,51
24/09/19,1.53,285
25/09/19,1.9,233
26/09/19,1.76,312
27/09/19,2.13,277
28/09/19,2.13,256
29/09/19,2.29,211
30/09/19,2.45,80
01/10/19,2.31,288
02/10/19,2.31,208
03/10/19,2.48,305
04/10/19,2.31,341
05/10/19,2.27,318
06/10/19,2.2,198
07/10/19,2.13,106
08/10/19,2.08,324
09/10/19,2.13,181
10/10/19,2.27,246
11/10/19,1.94,245
12/10/19,1.76,294
13/10/19,1.85,154
14/10/19,1.94,38
15/10/19,2.27,286
16/10/19,2.31,214
17/10/19,2.36,213
18/10/19,2.5,271
19/10/19,2.13,304
20/10/19,2.13,183
21/10/19,2.13,131
22/10/19,2.16,414
23/10/19,2.13,261
24/10/19,1.94,299
25/10/19,1.9,308
26/10/19,1.94,326
27/10/19,1.94,224
28/10/19,1.94,76
29/10/19,1.99,269
30/10/19,1.94,213
31/10/19,1.99,273
01/11/19,1.94,281
02/11/19,1.94,222
03/11/19,1.94,200
04/11/19,1.94,94
05/11/19,1.99,334
06/11/19,1.94,288
07/11/19,1.9,281
08/11/19,1.94,457
09/11/19,1.76,280
10/11/19,1.67,207
11/11/19,1.57,105
12/11/19,1.57,374
13/11/19,1.53,294
14/11/19,1.57,256
15/11/19,1.39,254
16/11/19,1.39,228
17/11/19,1.41,238
18/11/19,1.44,117
19/11/19,1.76,395
20/11/19,1.71,226
21/11/19,1.81,271
22/11/19,1.57,305
23/11/19,1.62,254
24/11/19,1.78,245
25/11/19,1.94,106
26/11/19,1.99,416
27/11/19,1.9,265
28/11/19,2.13,286
29/11/19,1.94,255
30/11/19,1.76,330
01/12/19,1.85,222
02/12/19,1.94,131
03/12/19,1.94,349
04/12/19,1.76,263
05/12/19,1.94,289
06/12/19,1.99,376
07/12/19,1.94,362
08/12/19,1.67,280
09/12/19,1.39,106
10/12/19,1.57,412
11/12/19,1.34,261
12/12/19,1.3,285
13/12/19,1.11,288
14/12/19,1.11,310
15/12/19,1.18,234
16/12/19,1.25,101
17/12/19,1.32,261
18/12/19,1.67,213
19/12/19,1.68,328
20/12/19,1.67,304
21/12/19,1.71,290
22/12/19,1.62,240
23/12/19,1.53,174
24/12/19,2.11,264
25/12/19,2.13,33
26/12/19,1.76,155
27/12/19,1.97,329
28/12/19,1.94,372
29/12/19,1.88,288
30/12/19,1.81,337
31/12/19,1.74,387
01/01/20,1.76,31
02/01/20,1.74,99
03/01/20,1.57,332
04/01/20,1.53,332
05/01/20,1.64,278
06/01/20,1.76,154
07/01/20,1.81,404
08/01/20,1.71,322
09/01/20,1.57,278
10/01/20,1.53,375
11/01/20,1.57,362
12/01/20,1.48,259
13/01/20,1.39,84
14/01/20,1.39,297
15/01/20,1.34,279
16/01/20,1.25,277
17/01/20,1.2,321
18/01/20,1.2,250
19/01/20,1.23,206
20/01/20,1.25,70
21/01/20,1.57,409
22/01/20,1.53,332
23/01/20,1.53,258
24/01/20,1.57,328
25/01/20,1.62,357
26/01/20,1.57,309
27/01/20,1.53,41
28/01/20,1.44,423
29/01/20,1.34,313
30/01/20,1.44,359
31/01/20,1.53,391
01/02/20,1.3,364
02/02/20,1.53,278
03/02/20,1.76,66
04/02/20,1.71,373
05/02/20,1.9,203
06/02/20,1.87,286
07/02/20,2.16,287
08/02/20,1.94,249
09/02/20,2.15,179
10/02/20,2.36,181
11/02/20,1.79,499
12/02/20,1.9,165
13/02/20,1.71,301
14/02/20,2.04,311
15/02/20,1.99,345
16/02/20,1.93,261
17/02/20,1.86,125
18/02/20,2.04,372
19/02/20,1.9,301
20/02/20,1.53,365
21/02/20,1.48,425
22/02/20,1.53,403
23/02/20,1.5,298
24/02/20,1.48,162
25/02/20,1.53,419
26/02/20,1.71,244
27/02/20,1.71,247
28/02/20,1.53,243
29/02/20,1.48,254
01/03/20,1.85,217
02/03/20,2.22,171
03/03/20,2.41,366
04/03/20,2.08,244
05/03/20,2.36,247
06/03/20,2.08,396
07/03/20,2.22,345
08/03/20,2.14,350
09/03/20,2.06,119
10/03/20,2.08,306
11/03/20,1.9,326
12/03/20,1.9,331
13/03/20,1.71,354
14/03/20,1.71,352
15/03/20,1.99,307
16/03/20,2.27,106
17/03/20,2.08,405
18/03/20,2.87,290
19/03/20,3.19,316
20/03/20,2.78,422
21/03/20,2.45,404
22/03/20,2.36,252
23/03/20,2.36,150
24/03/20,1.9,425
25/03/20,1.71,207
26/03/20,2.08,254
27/03/20,2.08,333
28/03/20,2.22,307
29/03/20,2.5,221
30/03/20,2.5,170
31/03/20,2.69,433
01/04/20,2.5,221
02/04/20,2.5,269
03/04/20,2.5,357
04/04/20,2.31,340
05/04/20,2.31,14
06/04/20,2.45,49
07/04/20,3.24,384
08/04/20,3.24,498
09/04/20,3.24,84
10/04/20,3.24,...
11/04/20,3.24,395
12/04/20,3.24,115
13/04/20,3.43,213
14/04/20,3.43,443
15/04/20,3.24,506
16/04/20,3.15,341
17/04/20,3.06,323
18/04/20,3.06,393
19/04/20,3.06,59
20/04/20,2.69,116
21/04/20,2.69,382
22/04/20,2.69,323
23/04/20,2.69,302
24/04/20,2.5,307
25/04/20,2.87,316
26/04/20,2.87,38
27/04/20,2.87,54
28/04/20,3.06,328
29/04/20,3.19,246
30/04/20,3.89,225
01/05/20,4.17,285
02/05/20,4.26,235
03/05/20,4.26,11
04/05/20,3.89,66
05/05/20,3.89,333
06/05/20,3.89,332
07/05/20,3.89,178
08/05/20,4.26,371
09/05/20,3.98,269
10/05/20,3.98,4
11/05/20,3.98,35
12/05/20,4.17,348
13/05/20,4.26,307
14/05/20,4.26,337
15/05/20,4.31,244
16/05/20,4.26,281
17/05/20,4.26,3
18/05/20,4.26,98
19/05/20,4.26,348
20/05/20,4.26,281
21/05/20,3.89,348
22/05/20,3.8,169
23/05/20,4.17,68
24/05/20,4.17,9
25/05/20,4.26,39
26/05/20,4.26,363
27/05/20,4.26,224
28/05/20,4.17,232
29/05/20,4.35,148
30/05/20,4.35,29
31/05/20,4.35,7
01/06/20,4.35,106
02/06/20,4.21,399
03/06/20,3.98,320
04/06/20,3.61,325
05/06/20,3.47,339
06/06/20,3.47,297
07/06/20,3.47,10
08/06/20,3.19,160
09/06/20,2.82,439
10/06/20,2.78,272
11/06/20,2.82,301
12/06/20,2.87,195
13/06/20,2.5,321
14/06/20,2.5,2
15/06/20,2.41,125
16/06/20,2.69,292
17/06/20,2.69,290
18/06/20,2.5,407
19/06/20,2.31,290
20/06/20,2.31,285
21/06/20,2.13,2
22/06/20,2.45,130
23/06/20,2.36,315
24/06/20,2.36,263
25/06/20,2.31,385
26/06/20,2.31,355
27/06/20,1.99,241
28/06/20,1.99,4
29/06/20,1.71,78
30/06/20,2.31,271
01/07/20,2.41,293
02/07/20,2.41,304
03/07/20,2.41,263
04/07/20,2.59,248
05/07/20,2.59,61
06/07/20,3.01,130
07/07/20,2.87,474
08/07/20,2.78,318
09/07/20,2.08,308
10/07/20,1.9,315
11/07/20,1.39,212
12/07/20,1.39,37
13/07/20,2.41,64
14/07/20,2.64,403
15/07/20,2.45,273
16/07/20,2.08,316
17/07/20,1.99,204
18/07/20,1.99,222
19/07/20,1.99,92
20/07/20,2.08,141
21/07/20,2.08,422
22/07/20,2.08,178
23/07/20,2.08,200
24/07/20,1.94,253
25/07/20,1.94,258
26/07/20,1.94,234
27/07/20,1.71,162
28/07/20,1.71,338
29/07/20,1.94,171
30/07/20,1.71,321
31/07/20,1.71,279
01/08/20,1.67,255
02/08/20,1.67,148
03/08/20,1.94,98
04/08/20,1.94,317
05/08/20,1.94,241
06/08/20,1.76,342
07/08/20,1.76,199
08/08/20,1.94,165
09/08/20,1.94,169
10/08/20,1.94,165
11/08/20,1.94,428
12/08/20,1.94,273
13/08/20,1.94,296
14/08/20,1.94,265
15/08/20,2.13,242
16/08/20,2.13,18
17/08/20,1.94,161
18/08/20,1.76,392
19/08/20,1.62,277
20/08/20,1.57,364
21/08/20,1.57,440
22/08/20,1.57,361
23/08/20,1.57,3
24/08/20,1.2,135
25/08/20,1.16,377
26/08/20,1.02,281
27/08/20,1,309
28/08/20,1,264
29/08/20,1.02,210
30/08/20,1.02,1
31/08/20,1.39,216
01/09/20,1.39,86
02/09/20,1.57,272
03/09/20,1.62,299
04/09/20,1.57,361
05/09/20,1.39,260
06/09/20,1.39,35
07/09/20,1.39,179
08/09/20,1.16,280
09/09/20,1.02,285
10/09/20,1.16,277
11/09/20,1.16,335
12/09/20,1.06,316
13/09/20,1.06,3
14/09/20,1.2,128
15/09/20,1.25,282
16/09/20,1.2,310
17/09/20,1.2,420
18/09/20,1.16,396
19/09/20,1.2,272
20/09/20,1.2,109
21/09/20,1.2,160
22/09/20,1.02,429
23/09/20,1.02,319
24/09/20,1.02,267
25/09/20,1,225
26/09/20,1.11,172
27/09/20,1.11,136
28/09/20,1.05,257
29/09/20,1.05,440
30/09/20,1.02,238
01/10/20,0.83,210
02/10/20,0.97,271
03/10/20,1.02,268
04/10/20,1.02,169
05/10/20,0.88,152
06/10/20,0.97,311
07/10/20,1,207
08/10/20,0.97,366
09/10/20,0.97,260
10/10/20,0.88,220
11/10/20,0.88,128
12/10/20,1,173
13/10/20,1.02,336
14/10/20,0.97,274
15/10/20,1.05,232
16/10/20,1.19,203
17/10/20,1.02,377
18/10/20,1.02,264
19/10/20,1.06,285
20/10/20,1.02,391
21/10/20,1,321
22/10/20,1.19,173
23/10/20,1.23,286
24/10/20,1.23,312
25/10/20,1.23,148
26/10/20,1.2,117
27/10/20,1.06,249
28/10/20,1.2,274
29/10/20,1.25,257
30/10/20,1.25,348
31/10/20,1.2,310
01/11/20,1.2,165
02/11/20,1.23,125
03/11/20,1.3,331
04/11/20,1.2,178
05/11/20,1.19,293
06/11/20,1.17,311
07/11/20,1.05,259
08/11/20,1.05,156
09/11/20,1.02,71
10/11/20,1.2,386
11/11/20,1.19,248
12/11/20,1.23,254
13/11/20,1.23,298
14/11/20,1.2,279
15/11/20,1.2,178
16/11/20,1.19,206
17/11/20,1.23,418
18/11/20,1.19,342
19/11/20,1.2,274
20/11/20,1.19,282
21/11/20,1.12,267
22/11/20,1.12,139
23/11/20,1.05,216
24/11/20,1,261
25/11/20,1.11,266
26/11/20,1.23,308
27/11/20,1.25,359
28/11/20,1.23,356
29/11/20,1.23,147
30/11/20,1.26,152
01/12/20,1.28,263
02/12/20,1.37,234
03/12/20,1.5,297
04/12/20,1.53,359
05/12/20,1.67,376
06/12/20,1.67,160
07/12/20,1.62,174
08/12/20,1.45,508
09/12/20,1.33,334
10/12/20,1.31,353
11/12/20,1.23,324
12/12/20,1.25,322
13/12/20,1.25,188
14/12/20,1.28,174
15/12/20,1.37,372
16/12/20,1.33,234
17/12/20,1.31,364
18/12/20,1.23,314
19/12/20,1.31,314
20/12/20,1.31,225
21/12/20,1.31,207
22/12/20,1.33,388
23/12/20,1.37,327
24/12/20,1.42,276
25/12/20,1.37,37
26/12/20,1.42,173
27/12/20,1.42,370
28/12/20,1.42,257
29/12/20,1.44,402
30/12/20,1.39,352
31/12/20,1.34,280
01/01/21,1.34,32
02/01/21,1.48,84
03/01/21,1.48,285
04/01/21,1.53,283
05/01/21,1.3,354
06/01/21,1.3,296
07/01/21,1.53,350
08/01/21,1.48,249
09/01/21,1.34,347
10/01/21,1.34,200
11/01/21,1.3,99
12/01/21,1.32,450
13/01/21,1.48,327
14/01/21,1.39,355
15/01/21,1.39,372
16/01/21,1.48,389
17/01/21,1.48,153
18/01/21,1.53,105
19/01/21,1.48,393
20/01/21,1.53,316
21/01/21,1.67,341
22/01/21,1.71,282
23/01/21,1.57,290
24/01/21,1.57,142
25/01/21,1.67,184
26/01/21,1.69,540
27/01/21,1.71,341
28/01/21,1.67,425
29/01/21,1.69,351
30/01/21,1.62,351
31/01/21,1.62,180
01/02/21,1.71,252
02/02/21,1.71,536
03/02/21,1.67,325
04/02/21,1.48,410
05/02/21,1.53,410
06/02/21,1.34,351
07/02/21,1.34,160
08/02/21,1.3,164
09/02/21,1.34,296
10/02/21,1.34,258
11/02/21,1.57,241
12/02/21,1.57,349
13/02/21,1.68,343
14/02/21,1.68,233
15/02/21,1.6,201
16/02/21,1.67,365
17/02/21,1.67,335
18/02/21,1.69,298
19/02/21,1.67,330
20/02/21,1.69,308
21/02/21,1.69,217
22/02/21,1.85,211
23/02/21,1.79,406
24/02/21,1.76,303
25/02/21,1.79,351
26/02/21,1.62,348
27/02/21,1.53,324
28/02/21,1.53,229
01/03/21,1.53,161
02/03/21,1.56,313
03/03/21,1.53,271
04/03/21,1.6,357
05/03/21,1.57,382
06/03/21,1.42,378
07/03/21,1.42,4
08/03/21,1.37,300
09/03/21,1.32,410
10/03/21,1.3,329
11/03/21,1.32,284
12/03/21,1.3,369
13/03/21,1.44,327
14/03/21,1.44,49
15/03/21,1.44,253
16/03/21,1.48,361
17/03/21,2.48,145
18/03/21,2.67,132
19/03/21,2.67,215
20/03/21,2.64,376
21/03/21,2.64,352
22/03/21,2.34,388
23/03/21,2.16,341
24/03/21,2.18,235
25/03/21,1.85,335
26/03/21,1.85,393
27/03/21,2.04,371
28/03/21,2.04,245
29/03/21,1.94,171
30/03/21,1.99,402
31/03/21,1.99,460
01/04/21,1.71,308
02/04/21,1.67,216
03/04/21,1.67,286
04/04/21,1.67,316
05/04/21,1.71,292
06/04/21,1.48,469
07/04/21,1.44,297
08/04/21,1.3,249
09/04/21,1.34,320
10/04/21,1.48,326
11/04/21,1.48,186
12/04/21,1.34,156
13/04/21,1.25,350
14/04/21,1.32,247
15/04/21,1.28,243
16/04/21,1.34,320
17/04/21,1.53,408
18/04/21,1.53,288
19/04/21,1.53,186
20/04/21,1.48,379
21/04/21,1.57,288
22/04/21,1.67,294
23/04/21,1.53,307
24/04/21,1.53,290
25/04/21,1.53,15
26/04/21,1.48,135
27/04/21,1.53,344
28/04/21,1.62,246
29/04/21,1.67,347
30/04/21,1.71,375
01/05/21,1.67,354
02/05/21,1.67,20
03/05/21,1.65,158
04/05/21,1.67,423
05/05/21,1.71,297
06/05/21,1.62,391
07/05/21,1.69,280
08/05/21,1.62,255
09/05/21,1.62,107
10/05/21,1.62,139
11/05/21,1.71,419
12/05/21,1.71,294
13/05/21,1.69,377
14/05/21,1.62,416
15/05/21,1.46,272
16/05/21,1.46,88
17/05/21,1.6,174
18/05/21,1.57,398
19/05/21,1.37,215
20/05/21,1.34,298
21/05/21,1.42,295
22/05/21,1.37,333
23/05/21,1.37,102
24/05/21,1.32,179
25/05/21,1.48,391
26/05/21,1.3,265
27/05/21,1.25,361
28/05/21,1.34,319
29/05/21,1.3,273
30/05/21,1.3,107
31/05/21,1.28,122
01/06/21,1.3,377
02/06/21,1.48,292
03/06/21,1.34,387
04/06/21,1.57,300
05/06/21,1.42,354
06/06/21,1.42,...
07/06/21,1.3,97
08/06/21,1.26,355
09/06/21,1.26,298
10/06/21,1.23,283
11/06/21,1.31,343
12/06/21,1.19,264
13/06/21,1.19,104
14/06/21,1.22,137
15/06/21,1.19,330
16/06/21,1.23,286
17/06/21,1.32,324
18/06/21,1.42,238
19/06/21,1.44,256
20/06/21,1.44,118
21/06/21,1.44,98
22/06/21,1.81,339
23/06/21,1.83,227
24/06/21,1.71,310
25/06/21,1.79,264
26/06/21,1.79,294
27/06/21,1.79,125
28/06/21,1.83,125
29/06/21,1.9,309
30/06/21,1.85,164
01/07/21,2.08,311
02/07/21,2.08,240
03/07/21,2.11,246
04/07/21,2.11,100
05/07/21,2.18,132
06/07/21,2.27,325
07/07/21,2.27,216
08/07/21,2.45,329
09/07/21,2.27,359
10/07/21,2.27,187
11/07/21,2.27,95
12/07/21,2.36,136
13/07/21,2.34,341
14/07/21,2.41,154
15/07/21,2.55,322
16/07/21,2.64,313
17/07/21,2.64,297
18/07/21,2.64,120
19/07/21,2.59,199
20/07/21,2.5,323
21/07/21,2.64,265
22/07/21,2.64,330
23/07/21,2.73,249
24/07/21,2.78,225
25/07/21,2.78,203
26/07/21,2.78,120
27/07/21,2.73,317
28/07/21,2.73,183
29/07/21,2.73,227
30/07/21,2.82,216
31/07/21,2.73,282
01/08/21,2.73,200
02/08/21,2.69,178
03/08/21,2.36,236
04/08/21,2.31,169
05/08/21,2.25,302
06/08/21,2.22,269
07/08/21,2.18,289
08/08/21,2.18,188
09/08/21,2.22,148
10/08/21,2.08,298
11/08/21,2.31,219
12/08/21,2.36,288
13/08/21,2.45,211
14/08/21,2.45,146
15/08/21,2.45,97
16/08/21,2.45,117
17/08/21,2.5,285
18/08/21,2.59,193
19/08/21,2.78,223
20/08/21,3.33,212
21/08/21,3.38,195
22/08/21,3.38,167
23/08/21,3.33,159
24/08/21,3.33,405
25/08/21,3.19,230
26/08/21,2.96,333
27/08/21,3.1,178
28/08/21,3.1,204
29/08/21,3.1,145
30/08/21,3.1,187
31/08/21,2.82,328
01/09/21,2.96,270
02/09/21,2.96,393
03/09/21,2.41,352
04/09/21,2.08,243
05/09/21,2.08,190
06/09/21,2.08,121
07/09/21,2.08,282
08/09/21,2.08,205
09/09/21,2.27,310
10/09/21,2.64,210
11/09/21,2.64,282
12/09/21,2.64,196
13/09/21,2.31,173
14/09/21,2.36,210
15/09/21,2.59,194
16/09/21,2.59,289
17/09/21,2.59,331
18/09/21,2.64,306
19/09/21,2.64,148
20/09/21,2.64,53
21/09/21,2.5,279
22/09/21,2.55,176
23/09/21,2.78,206
24/09/21,2.73,233
25/09/21,3.47,266
26/09/21,3.47,152
27/09/21,3.43,162
28/09/21,3.38,336
29/09/21,3.47,196
30/09/21,3.43,323
01/10/21,3.43,177
02/10/21,3.47,267
03/10/21,3.47,151
04/10/21,3.56,125
05/10/21,3.7,268
06/10/21,3.66,224
07/10/21,3.75,275
08/10/21,3.75,296
09/10/21,3.84,249
10/10/21,3.84,222
11/10/21,3.89,171
12/10/21,3.33,331
13/10/21,3.43,232
14/10/21,3.15,328
15/10/21,2.73,199
16/10/21,2.69,259
17/10/21,2.69,151
18/10/21,2.48,164
19/10/21,2.31,280
20/10/21,2.41,155
21/10/21,2.59,252
22/10/21,2.73,230
23/10/21,2.82,368
24/10/21,2.82,199
25/10/21,2.69,53
26/10/21,2.73,279
27/10/21,2.69,199
28/10/21,2.87,288
29/10/21,2.78,206
30/10/21,2.82,330
31/10/21,2.82,192
01/11/21,2.82,94
02/11/21,3.01,313
03/11/21,2.73,184
04/11/21,2.82,328
05/11/21,2.92,311
06/11/21,2.92,333
07/11/21,2.92,313
08/11/21,2.92,259
09/11/21,2.69,188
10/11/21,2.55,269
11/11/21,2.53,368
12/11/21,2.53,244
13/11/21,2.34,383
14/11/21,2.34,228
15/11/21,2.22,132
16/11/21,1.85,250
17/11/21,1.76,270
18/11/21,1.76,261
19/11/21,1.71,284
20/11/21,1.81,254
21/11/21,1.81,191
22/11/21,1.85,131
23/11/21,1.83,363
24/11/21,1.94,296
25/11/21,1.94,362
26/11/21,1.97,342
27/11/21,1.99,287
28/11/21,1.99,187
29/11/21,2.02,135
30/11/21,1.85,365
01/12/21,1.85,377
02/12/21,1.71,338
03/12/21,1.62,360
04/12/21,1.62,338
05/12/21,1.62,274
06/12/21,1.56,191
07/12/21,1.54,387
08/12/21,1.54,277
09/12/21,1.69,332
10/12/21,1.51,392
11/12/21,1.53,345
12/12/21,1.53,257
13/12/21,1.44,154
14/12/21,1.39,322
15/12/21,1.34,228
16/12/21,1.3,259
17/12/21,1.3,256
18/12/21,1.34,300
19/12/21,1.34,231
20/12/21,1.39,202
21/12/21,1.42,385
22/12/21,1.42,285
23/12/21,1.56,406
24/12/21,1.6,330
25/12/21,1.6,6
26/12/21,1.6,96
27/12/21,1.56,254
28/12/21,1.46,334
29/12/21,1.34,306
30/12/21,1.62,287
31/12/21,1.81,326
